player_id,player_name,conf,pos,salary,contract_years,baselineEYS,current_season,current_week
12742,"Howard, Xavien",AFC,CB,6.391,0.0,6.39,2024,0
12742,"Howard, Xavien",NFC,CB,5.753000000000001,0.0,5.75,2024,0
13470,"Moore, Kenny",AFC,CB,5.4670000000000005,1.0,5.47,2024,0
13710,"Davis, Carlton",AFC,CB,4.928000000000001,0.0,4.93,2024,0
12711,"Ramsey, Jalen",AFC,CB,4.829,1.0,6.07,2024,0
13224,"Lattimore, Marshon",NFC,CB,4.829,0.0,4.83,2024,0
14903,"Diggs, Trevon",AFC,CB,4.73,0.0,6.95,2024,0
13223,"Humphrey, Marlon",AFC,CB,4.356,0.0,4.36,2024,0
12711,"Ramsey, Jalen",NFC,CB,4.29,0.0,6.07,2024,0
13470,"Moore, Kenny",NFC,CB,3.9930000000000003,0.0,4.14,2024,0
13707,"Ward, Denzel",AFC,CB,3.3660000000000005,0.0,3.37,2024,0
14903,"Diggs, Trevon",NFC,CB,3.3000000000000003,1.0,6.95,2024,0
15441,"Hobbs, Nate",NFC,CB,3.3000000000000003,2.0,3.3,2024,0
12750,"Bradberry, James",AFC,CB,3.146,0.0,3.15,2024,0
14918,"Terrell, A.J.",NFC,CB,3.0140000000000007,0.0,3.01,2024,0
13414,"Hilton, Mike",AFC,CB,2.7940000000000005,0.0,2.79,2024,0
13738,"Jackson, Donte",AFC,CB,2.7940000000000005,0.0,2.79,2024,0
13730,"Alexander, Jaire",AFC,CB,2.662,1.0,2.66,2024,0
13281,"Douglas, Rasul",NFC,CB,2.5410000000000004,0.0,4.83,2024,0
14956,"Sneed, L'Jarius",AFC,CB,2.0570000000000004,0.0,6.95,2024,0
12750,"Bradberry, James",NFC,CB,2.0460000000000003,2.0,2.05,2024,0
14956,"Sneed, L'Jarius",NFC,CB,1.815,0.0,6.95,2024,0
13764,"Johnson, Taron",AFC,CB,1.7600000000000002,0.0,1.93,2024,0
12245,"Peters, Marcus",NFC,CB,1.7270000000000003,1.0,1.73,2024,0
12714,"Fuller, Kendall",AFC,CB,1.7160000000000002,1.0,1.74,2024,0
13263,"Awuzie, Chidobe",AFC,CB,1.6940000000000002,0.0,1.7,2024,0
13281,"Douglas, Rasul",AFC,CB,1.6940000000000002,0.0,4.83,2024,0
13710,"Davis, Carlton",NFC,CB,1.6940000000000002,0.0,1.7,2024,0
14904,"Fulton, Kristian",NFC,CB,1.6720000000000002,1.0,1.7,2024,0
13774,"Reed, D.J.",AFC,CB,1.6500000000000001,1.0,7.6,2024,0
13920,"Ward, Charvarius",NFC,CB,1.6500000000000001,0.0,6.07,2024,0
13959,"Williams, Darious",AFC,CB,1.6500000000000001,1.0,5.2,2024,0
14180,"Murphy, Byron",AFC,CB,1.6500000000000001,2.0,2.3,2024,0
14904,"Fulton, Kristian",AFC,CB,1.6500000000000001,0.0,1.7,2024,0
14918,"Terrell, A.J.",AFC,CB,1.6500000000000001,1.0,1.7,2024,0
15177,"Bryant, Myles",NFC,CB,1.6500000000000001,0.0,1.7,2024,0
15384,"Samuel, Asante",AFC,CB,1.6500000000000001,1.0,1.7,2024,0
15422,"Wilson, Marco",NFC,CB,1.6500000000000001,2.0,1.7,2024,0
15859,"Taylor-Britt, Cam",AFC,CB,1.6500000000000001,0.0,4.54,2024,0
15895,"McCollum, Zyon",NFC,CB,1.6500000000000001,2.0,1.7,2024,0
15904,"Bland, DaRon",NFC,CB,1.6500000000000001,1.0,6.95,2024,0
16016,"Kohou, Kader",AFC,CB,1.6500000000000001,1.0,1.7,2024,0
16457,"Izien, Christian",NFC,CB,1.6500000000000001,0.0,1.7,2024,0
10789,"Gilmore, Stephon",NFC,CB,1.54,0.0,1.7,2024,0
13479,"Davis, Michael",NFC,CB,1.54,0.0,1.7,2024,0
13479,"Davis, Michael",AFC,CB,1.54,0.0,1.7,2024,0
13774,"Reed, D.J.",NFC,CB,1.54,0.0,7.6,2024,0
13917,"Jackson, J.C.",AFC,CB,1.54,0.0,6.07,2024,0
13959,"Williams, Darious",NFC,CB,1.54,0.0,5.2,2024,0
14180,"Murphy, Byron",NFC,CB,1.54,0.0,2.3,2024,0
15405,"Stephens, Brandon",NFC,CB,1.54,0.0,1.7,2024,0
15405,"Stephens, Brandon",AFC,CB,1.54,0.0,1.7,2024,0
15422,"Wilson, Marco",AFC,CB,1.54,0.0,1.7,2024,0
15441,"Hobbs, Nate",AFC,CB,1.54,0.0,2.9,2024,0
15445,"Lenoir, Deommodore",NFC,CB,1.54,0.0,1.7,2024,0
15856,"Taylor, Alontae",NFC,CB,1.54,0.0,1.7,2024,0
15881,"Jones, Jack",NFC,CB,1.54,0.0,1.7,2024,0
16016,"Kohou, Kader",NFC,CB,1.54,0.0,1.7,2024,0
15362,"Surtain II, Patrick",NFC,CB,1.375,1.0,1.7,2024,0
15361,"Horn, Jaycee",NFC,CB,1.309,1.0,1.7,2024,0
15361,"Horn, Jaycee",AFC,CB,1.2100000000000002,1.0,1.7,2024,0
13920,"Ward, Charvarius",AFC,CB,1.1990000000000003,0.0,6.07,2024,0
16241,"Witherspoon, Devon",AFC,CB,1.1990000000000003,3.0,5.2,2024,0
15833,"Gardner, Ahmad",AFC,CB,1.1880000000000002,1.0,4.14,2024,0
15362,"Surtain II, Patrick",AFC,CB,1.1440000000000001,1.0,1.7,2024,0
15832,"Stingley Jr., Derek",AFC,CB,1.1330000000000002,2.0,3.22,2024,0
11348,"Slay, Darius",AFC,CB,1.1,0.0,3.33,2024,0
10260,"Peterson, Patrick",NFC,CB,1.089,0.0,2.9,2024,0
10260,"Peterson, Patrick",AFC,CB,1.089,0.0,2.9,2024,0
13276,"Sutton, Cameron",NFC,CB,1.089,0.0,1.7,2024,0
13707,"Ward, Denzel",NFC,CB,1.089,0.0,3.33,2024,0
13730,"Alexander, Jaire",NFC,CB,1.089,0.0,2.3,2024,0
15845,"McDuffie, Trent",AFC,CB,1.089,2.0,2.9,2024,0
15375,"Newsome, Greg",AFC,CB,1.078,1.0,1.7,2024,0
15832,"Stingley Jr., Derek",NFC,CB,1.078,2.0,3.22,2024,0
15380,"Campbell, Tyson",AFC,CB,1.056,0.0,3.33,2024,0
15847,"Elam, Kaiir",AFC,CB,1.056,2.0,1.7,2024,0
16251,"Gonzalez, Christian",AFC,CB,1.045,3.0,1.7,2024,0
16253,"Forbes, Emmanuel",AFC,CB,1.045,3.0,1.7,2024,0
15833,"Gardner, Ahmad",NFC,CB,1.034,2.0,4.14,2024,0
16241,"Witherspoon, Devon",NFC,CB,1.034,3.0,5.2,2024,0
15845,"McDuffie, Trent",NFC,CB,1.0120000000000002,0.0,2.9,2024,0
16240,"Porter Jr., Joey",AFC,CB,1.0120000000000002,3.0,1.7,2024,0
15849,"McCreary, Roger",AFC,CB,1.0010000000000001,2.0,1.7,2024,0
15852,"Gordon, Kyler",AFC,CB,1.0010000000000001,2.0,1.7,2024,0
16251,"Gonzalez, Christian",NFC,CB,1.0010000000000001,3.0,1.7,2024,0
10789,"Gilmore, Stephon",AFC,CB,0.9900000000000001,0.0,1.7,2024,0
11348,"Slay, Darius",NFC,CB,0.9900000000000001,1.0,4.54,2024,0
12245,"Peters, Marcus",AFC,CB,0.9900000000000001,0.0,1.7,2024,0
12291,"Nelson, Steven",NFC,CB,0.9900000000000001,0.0,1.7,2024,0
12291,"Nelson, Steven",AFC,CB,0.9900000000000001,0.0,1.7,2024,0
12976,"Hamilton, Antonio",AFC,CB,0.9900000000000001,0.0,1.7,2024,0
13223,"Humphrey, Marlon",NFC,CB,0.9900000000000001,0.0,1.74,2024,0
13224,"Lattimore, Marshon",AFC,CB,0.9900000000000001,1.0,3.33,2024,0
13232,"King, Desmond",AFC,CB,0.9900000000000001,0.0,4.54,2024,0
13263,"Awuzie, Chidobe",NFC,CB,0.9900000000000001,0.0,1.7,2024,0
13266,"Witherspoon, Ahkello",NFC,CB,0.9900000000000001,0.0,1.7,2024,0
13266,"Witherspoon, Ahkello",AFC,CB,0.9900000000000001,0.0,1.7,2024,0
13414,"Hilton, Mike",NFC,CB,0.9900000000000001,0.0,2.73,2024,0
13754,"Yiadom, Isaac",AFC,CB,0.9900000000000001,0.0,1.7,2024,0
13764,"Johnson, Taron",NFC,CB,0.9900000000000001,0.0,1.93,2024,0
13767,"Maddox, Avonte",NFC,CB,0.9900000000000001,1.0,1.7,2024,0
14199,"Murphy-Bunting, Sean",AFC,CB,0.9900000000000001,1.0,1.7,2024,0
14219,"Dean, Jamel",NFC,CB,0.9900000000000001,0.0,1.7,2024,0
14252,"Jackson, Michael",AFC,CB,0.9900000000000001,0.0,1.7,2024,0
14263,"Ballentine, Corey",NFC,CB,0.9900000000000001,0.0,1.7,2024,0
14669,"Nixon, Keisean",NFC,CB,0.9900000000000001,0.0,1.7,2024,0
14669,"Nixon, Keisean",AFC,CB,0.9900000000000001,0.0,1.7,2024,0
14905,"Henderson, CJ",AFC,CB,0.9900000000000001,0.0,1.7,2024,0
14924,"Johnson, Jaylon",NFC,CB,0.9900000000000001,0.0,1.7,2024,0
15177,"Bryant, Myles",AFC,CB,0.9900000000000001,0.0,1.7,2024,0
15375,"Newsome, Greg",NFC,CB,0.9900000000000001,0.0,1.7,2024,0
15384,"Samuel, Asante",NFC,CB,0.9900000000000001,0.0,1.7,2024,0
15392,"St-Juste, Benjamin",NFC,CB,0.9900000000000001,1.0,1.7,2024,0
15394,"Adebo, Paulson",NFC,CB,0.9900000000000001,1.0,4.14,2024,0
15394,"Adebo, Paulson",AFC,CB,0.9900000000000001,0.0,4.14,2024,0
15402,"Molden, Elijah",AFC,CB,0.9900000000000001,0.0,1.7,2024,0
15445,"Lenoir, Deommodore",AFC,CB,0.9900000000000001,0.0,1.7,2024,0
15849,"McCreary, Roger",NFC,CB,0.9900000000000001,0.0,1.7,2024,0
15859,"Taylor-Britt, Cam",NFC,CB,0.9900000000000001,1.0,4.54,2024,0
15862,"Emerson, Martin",NFC,CB,0.9900000000000001,0.0,1.7,2024,0
15862,"Emerson, Martin",AFC,CB,0.9900000000000001,2.0,1.7,2024,0
15868,"Jones, Marcus",NFC,CB,0.9900000000000001,0.0,1.7,2024,0
15880,"Evans, Akayleb",NFC,CB,0.9900000000000001,0.0,1.7,2024,0
15888,"Durant, Decobie",AFC,CB,0.9900000000000001,1.0,1.7,2024,0
15904,"Bland, DaRon",AFC,CB,0.9900000000000001,0.0,6.95,2024,0
16064,"Flowers, Dallis",NFC,CB,0.9900000000000001,0.0,1.7,2024,0
16145,"McMillian, Ja'Quan",NFC,CB,0.9900000000000001,0.0,1.7,2024,0
16268,"Turner, DJ",NFC,CB,0.9900000000000001,0.0,1.7,2024,0
16319,"Smith, Terell",NFC,CB,0.9900000000000001,0.0,1.7,2024,0
16341,"Hawkins, Tre",AFC,CB,0.9900000000000001,0.0,1.7,2024,0
16356,"Valentine, Carrington",NFC,CB,0.9900000000000001,0.0,1.7,2024,0
15380,"Campbell, Tyson",NFC,CB,0.9680000000000001,0.0,3.33,2024,0
15392,"St-Juste, Benjamin",AFC,CB,0.9680000000000001,0.0,1.7,2024,0
16253,"Forbes, Emmanuel",NFC,CB,0.9680000000000001,2.0,1.7,2024,0
16255,"Banks, Deonte",NFC,CB,0.9570000000000001,3.0,1.7,2024,0
16255,"Banks, Deonte",AFC,CB,0.9570000000000001,3.0,1.7,2024,0
16240,"Porter Jr., Joey",NFC,CB,0.9460000000000001,3.0,1.7,2024,0
16242,"Ringo, Kelee",AFC,CB,0.9460000000000001,3.0,1.7,2024,0
16261,"Brents, Julius",AFC,CB,0.9460000000000001,3.0,1.7,2024,0
16268,"Turner, DJ",AFC,CB,0.9460000000000001,3.0,1.7,2024,0
16274,"Williams, Garrett",AFC,CB,0.9460000000000001,3.0,1.7,2024,0
15856,"Taylor, Alontae",AFC,CB,0.935,1.0,1.7,2024,0
15876,"Mathis, Damarri",AFC,CB,0.935,0.0,1.7,2024,0
15894,"Woolen, Tariq",NFC,CB,0.935,0.0,5.2,2024,0
15894,"Woolen, Tariq",AFC,CB,0.935,0.0,5.2,2024,0
16243,"Smith, Cam",AFC,CB,0.8910000000000001,2.0,1.7,2024,0
16261,"Brents, Julius",NFC,CB,0.8910000000000001,2.0,1.7,2024,0
16267,"Stevenson, Tyrique",NFC,CB,0.8910000000000001,2.0,3.22,2024,0
16267,"Stevenson, Tyrique",AFC,CB,0.8910000000000001,2.0,3.22,2024,0
16279,"Moss, Riley",AFC,CB,0.8910000000000001,2.0,1.7,2024,0
16289,"Bennett, Jakorian",AFC,CB,0.8910000000000001,2.0,1.7,2024,0
16361,"Trice, Cory",AFC,CB,0.8910000000000001,2.0,1.7,2024,0
13214,"Watt, T.J.",AFC,DE,23.298000000000002,2.0,24.01,2024,0
14225,"Crosby, Maxx",NFC,DE,23.1,1.0,24.01,2024,0
13700,"Landry, Harold",NFC,DE,22.407000000000004,2.0,22.41,2024,0
14147,"Bosa, Nick",AFC,DE,22.374000000000002,2.0,22.39,2024,0
13214,"Watt, T.J.",NFC,DE,22.187000000000005,2.0,24.01,2024,0
14225,"Crosby, Maxx",AFC,DE,20.900000000000002,5.0,24.01,2024,0
11721,"Mack, Khalil",AFC,DE,19.965,0.0,23.2,2024,0
12221,"Hunter, Danielle",NFC,DE,19.008000000000003,0.0,21.54,2024,0
12686,"Bosa, Joey",NFC,DE,18.150000000000002,0.0,18.15,2024,0
13245,"Reddick, Haason",AFC,DE,17.6,0.0,17.6,2024,0
14147,"Bosa, Nick",NFC,DE,17.6,4.0,22.39,2024,0
12221,"Hunter, Danielle",AFC,DE,13.981000000000002,0.0,21.54,2024,0
14167,"Allen, Josh",NFC,DE,13.585,3.0,17.88,2024,0
14167,"Allen, Josh",AFC,DE,12.100000000000001,3.0,17.88,2024,0
13198,"Garrett, Myles",NFC,DE,11.924000000000001,0.0,19.49,2024,0
12686,"Bosa, Joey",AFC,DE,11.858,1.0,11.86,2024,0
13198,"Garrett, Myles",AFC,DE,11.352000000000002,2.0,19.49,2024,0
14171,"Burns, Brian",NFC,DE,11.22,3.0,12.84,2024,0
11769,"Lawrence, Demarcus",AFC,DE,11.0,0.0,21.54,2024,0
13245,"Reddick, Haason",NFC,DE,10.450000000000001,1.0,10.45,2024,0
12075,"Barrett, Shaq",AFC,DE,10.373000000000001,1.0,10.37,2024,0
13700,"Landry, Harold",AFC,DE,9.317000000000002,1.0,9.32,2024,0
14405,"Granderson, Carl",NFC,DE,8.294,3.0,8.29,2024,0
10292,"Jordan, Cameron",AFC,DE,8.14,0.0,8.14,2024,0
13684,"Hubbard, Sam",NFC,DE,8.096000000000002,0.0,8.1,2024,0
13684,"Hubbard, Sam",AFC,DE,7.4910000000000005,1.0,7.49,2024,0
14149,"Gary, Rashan",AFC,DE,7.348,2.0,7.35,2024,0
12795,"Judon, Matt",NFC,DE,7.315000000000001,1.0,19.49,2024,0
11769,"Lawrence, Demarcus",NFC,DE,7.205,0.0,21.54,2024,0
14171,"Burns, Brian",AFC,DE,6.974,2.0,12.84,2024,0
12075,"Barrett, Shaq",NFC,DE,6.732000000000001,1.0,6.73,2024,0
13704,"Nwosu, Uchenna",AFC,DE,6.611000000000001,1.0,15.79,2024,0
14940,"Highsmith, Alex",AFC,DE,6.611000000000001,2.0,6.61,2024,0
13681,"Chubb, Bradley",AFC,DE,6.413,0.0,19.49,2024,0
14877,"Young, Chase",AFC,DE,5.9510000000000005,3.0,5.95,2024,0
13690,"Sweat, Josh",AFC,DE,5.940000000000001,2.0,10.73,2024,0
12301,"Smith, Za'Darius",AFC,DE,5.8740000000000006,0.0,5.87,2024,0
14940,"Highsmith, Alex",NFC,DE,5.7860000000000005,4.0,6.51,2024,0
14882,"Greenard, Jonathan",AFC,DE,5.269,1.0,6.51,2024,0
14148,"Sweat, Montez",NFC,DE,5.159000000000001,2.0,8.22,2024,0
12795,"Judon, Matt",AFC,DE,5.148,1.0,19.49,2024,0
14148,"Sweat, Montez",AFC,DE,5.027000000000001,1.0,8.22,2024,0
12083,"Autry, Denico",AFC,DE,4.829,1.0,5.83,2024,0
12734,"Floyd, Leonard",AFC,DE,4.829,0.0,4.83,2024,0
12301,"Smith, Za'Darius",NFC,DE,4.73,0.0,4.73,2024,0
13296,"Wise, Deatrich",AFC,DE,4.609000000000001,1.0,4.61,2024,0
13690,"Sweat, Josh",NFC,DE,4.257000000000001,2.0,10.73,2024,0
13284,"Hendrickson, Trey",NFC,DE,3.9820000000000007,1.0,5.21,2024,0
14877,"Young, Chase",NFC,DE,3.9380000000000006,0.0,3.94,2024,0
15806,"Thibodeaux, Kayvon",AFC,DE,3.9160000000000004,2.0,9.85,2024,0
13204,"Harris, Charles",NFC,DE,3.7510000000000003,1.0,5.83,2024,0
16223,"Anderson, Will",AFC,DE,3.696,3.0,3.7,2024,0
15805,"Hutchinson, Aidan",AFC,DE,3.619,2.0,12.84,2024,0
15565,"Hoecht, Michael",NFC,DE,3.5970000000000004,3.0,4.12,2024,0
15805,"Hutchinson, Aidan",NFC,DE,3.355,2.0,12.84,2024,0
11721,"Mack, Khalil",NFC,DE,3.2450000000000006,1.0,23.2,2024,0
13681,"Chubb, Bradley",NFC,DE,3.19,1.0,19.49,2024,0
13704,"Nwosu, Uchenna",NFC,DE,3.0250000000000004,0.0,15.79,2024,0
14249,"Van Ginkel, Andrew",NFC,DE,3.0250000000000004,0.0,15.79,2024,0
13202,"Lawson, Carl",AFC,DE,3.0140000000000007,0.0,3.01,2024,0
15350,"Parsons, Micah",NFC,DE,3.003,1.0,10.73,2024,0
15809,"Johnson, Jermaine",AFC,DE,2.9370000000000003,2.0,7.79,2024,0
13284,"Hendrickson, Trey",AFC,DE,2.9260000000000006,1.0,5.21,2024,0
16223,"Anderson, Will",NFC,DE,2.915,3.0,2.92,2024,0
14894,"Jennings, Anfernee",AFC,DE,2.849,1.0,3.93,2024,0
15350,"Parsons, Micah",AFC,DE,2.8160000000000003,1.0,10.73,2024,0
10267,"Miller, Von",NFC,DE,2.783,0.0,2.78,2024,0
15907,"Robinson, Dominique",AFC,DE,2.783,2.0,2.78,2024,0
12217,"Fowler, Dante",AFC,DE,2.662,0.0,2.66,2024,0
15806,"Thibodeaux, Kayvon",NFC,DE,2.6290000000000004,2.0,9.85,2024,0
15808,"Karlaftis, George",AFC,DE,2.6290000000000004,2.0,2.78,2024,0
14149,"Gary, Rashan",NFC,DE,2.618,1.0,2.62,2024,0
12270,"Smith, Preston",NFC,DE,2.5410000000000004,0.0,2.88,2024,0
12270,"Smith, Preston",AFC,DE,2.5410000000000004,0.0,2.88,2024,0
10292,"Jordan, Cameron",NFC,DE,2.53,0.0,8.12,2024,0
15815,"Walker, Travon",AFC,DE,2.508,2.0,2.65,2024,0
16226,"Wilson, Tyree",AFC,DE,2.299,3.0,2.3,2024,0
15815,"Walker, Travon",NFC,DE,2.101,2.0,2.65,2024,0
15809,"Johnson, Jermaine",NFC,DE,2.035,2.0,7.79,2024,0
15352,"Collins, Zaven",AFC,DE,1.9800000000000002,1.0,2.93,2024,0
13703,"Carter, Lorenzo",AFC,DE,1.9360000000000002,1.0,5.21,2024,0
15349,"Phillips, Jaelan",AFC,DE,1.9140000000000001,1.0,19.49,2024,0
15352,"Collins, Zaven",NFC,DE,1.9140000000000001,1.0,2.93,2024,0
15808,"Karlaftis, George",NFC,DE,1.903,2.0,2.78,2024,0
15345,"Paye, Kwity",AFC,DE,1.859,1.0,7.33,2024,0
15349,"Phillips, Jaelan",NFC,DE,1.7490000000000003,1.0,19.49,2024,0
16226,"Wilson, Tyree",NFC,DE,1.7380000000000002,3.0,2.2,2024,0
15345,"Paye, Kwity",NFC,DE,1.7160000000000002,1.0,7.33,2024,0
15378,"Oweh, Jayson",AFC,DE,1.7160000000000002,1.0,2.2,2024,0
13204,"Harris, Charles",AFC,DE,1.6940000000000002,1.0,5.83,2024,0
13888,"Gardeck, Dennis",NFC,DE,1.6500000000000001,0.0,2.54,2024,0
13888,"Gardeck, Dennis",AFC,DE,1.6500000000000001,0.0,2.54,2024,0
14882,"Greenard, Jonathan",NFC,DE,1.6500000000000001,2.0,6.51,2024,0
14894,"Jennings, Anfernee",NFC,DE,1.6500000000000001,0.0,3.93,2024,0
14947,"Wonnum, D.J.",AFC,DE,1.6500000000000001,0.0,6.67,2024,0
14878,"Gross-Matos, Yetur",NFC,DE,1.617,0.0,2.54,2024,0
15379,"Tryon, Joe",AFC,DE,1.595,1.0,2.2,2024,0
15851,"Ebiketie, Arnold",AFC,DE,1.584,2.0,2.2,2024,0
13759,"Armstrong, Dorance",AFC,DE,1.573,0.0,2.2,2024,0
11706,"Clowney, Jadeveon",NFC,DE,1.54,0.0,2.2,2024,0
13294,"Ebukam, Samson",AFC,DE,1.54,0.0,5.09,2024,0
14249,"Van Ginkel, Andrew",AFC,DE,1.54,0.0,15.79,2024,0
14879,"Epenesa, A.J.",NFC,DE,1.54,0.0,2.54,2024,0
15378,"Oweh, Jayson",NFC,DE,1.529,1.0,2.2,2024,0
15385,"Ojulari, Azeez",AFC,DE,1.529,1.0,2.97,2024,0
15346,"Rousseau, Gregory",AFC,DE,1.4960000000000002,1.0,3.72,2024,0
15385,"Ojulari, Azeez",NFC,DE,1.4740000000000002,1.0,2.97,2024,0
15346,"Rousseau, Gregory",NFC,DE,1.4520000000000002,1.0,3.72,2024,0
15851,"Ebiketie, Arnold",NFC,DE,1.4080000000000001,2.0,2.2,2024,0
15807,"Ojabo, David",AFC,DE,1.375,2.0,2.2,2024,0
16224,"Murphy, Myles",AFC,DE,1.342,3.0,2.2,2024,0
15376,"Turner, Payton",AFC,DE,1.331,0.0,2.2,2024,0
16230,"Van Ness, Lukas",NFC,DE,1.32,3.0,2.2,2024,0
16257,"Anudike-Uzomah, Felix",NFC,DE,1.298,3.0,2.2,2024,0
16228,"Smith, Nolan",NFC,DE,1.276,3.0,2.2,2024,0
15379,"Tryon, Joe",NFC,DE,1.2429999999999999,1.0,2.2,2024,0
14879,"Epenesa, A.J.",AFC,DE,1.2100000000000002,0.0,2.54,2024,0
15356,"Browning, Baron",AFC,DE,1.1880000000000002,1.0,2.2,2024,0
15807,"Ojabo, David",NFC,DE,1.1880000000000002,2.0,2.2,2024,0
16230,"Van Ness, Lukas",AFC,DE,1.1770000000000003,3.0,2.2,2024,0
15386,"Odeyingbo, Dayo",AFC,DE,1.1660000000000001,0.0,2.2,2024,0
16224,"Murphy, Myles",NFC,DE,1.1660000000000001,3.0,2.2,2024,0
16276,"Young, Byron",AFC,DE,1.1550000000000002,3.0,3.93,2024,0
15853,"Mafe, Boye",AFC,DE,1.1440000000000001,2.0,5.21,2024,0
15857,"Williams, Sam",AFC,DE,1.1,0.0,2.2,2024,0
16252,"McDonald, Will",AFC,DE,1.1,3.0,2.2,2024,0
12083,"Autry, Denico",NFC,DE,1.089,0.0,5.83,2024,0
13296,"Wise, Deatrich",NFC,DE,1.089,0.0,4.83,2024,0
13685,"Okoronkwo, Ogbonnia",AFC,DE,1.089,0.0,2.78,2024,0
13703,"Carter, Lorenzo",NFC,DE,1.089,0.0,5.21,2024,0
14405,"Granderson, Carl",AFC,DE,1.089,0.0,7.33,2024,0
15356,"Browning, Baron",NFC,DE,1.089,1.0,2.2,2024,0
15861,"Bonitto, Nik",NFC,DE,1.089,2.0,2.2,2024,0
15928,"Houston, James",NFC,DE,1.089,0.0,2.2,2024,0
16228,"Smith, Nolan",AFC,DE,1.089,3.0,2.2,2024,0
16252,"McDonald, Will",NFC,DE,1.089,3.0,2.2,2024,0
16257,"Anudike-Uzomah, Felix",AFC,DE,1.089,3.0,2.2,2024,0
16276,"Young, Byron",NFC,DE,1.089,3.0,3.93,2024,0
15386,"Odeyingbo, Dayo",NFC,DE,1.078,0.0,2.2,2024,0
15811,"Jackson, Drake",NFC,DE,1.067,2.0,2.2,2024,0
15811,"Jackson, Drake",AFC,DE,1.067,0.0,2.2,2024,0
15853,"Mafe, Boye",NFC,DE,1.067,2.0,5.21,2024,0
15855,"Paschal, Josh",NFC,DE,1.056,2.0,2.2,2024,0
16260,"Foskey, Isaiah",NFC,DE,1.056,2.0,2.2,2024,0
16266,"Tuipulotu, Tuli",AFC,DE,1.056,3.0,3.3,2024,0
15861,"Bonitto, Nik",AFC,DE,1.045,0.0,2.2,2024,0
16266,"Tuipulotu, Tuli",NFC,DE,1.045,2.0,3.3,2024,0
16262,"White, Keion",NFC,DE,1.0230000000000001,3.0,2.2,2024,0
16303,"Herbig, Nick",AFC,DE,1.0230000000000001,3.0,2.2,2024,0
15857,"Williams, Sam",NFC,DE,1.0120000000000002,2.0,2.2,2024,0
16225,"Ojulari, BJ",NFC,DE,1.0120000000000002,3.0,2.2,2024,0
16262,"White, Keion",AFC,DE,1.0120000000000002,3.0,2.2,2024,0
11706,"Clowney, Jadeveon",AFC,DE,0.9900000000000001,0.0,2.2,2024,0
12215,"Gregory, Randy",AFC,DE,0.9900000000000001,0.0,2.65,2024,0
12744,"Ward, Jihad",AFC,DE,0.9900000000000001,0.0,3.48,2024,0
13294,"Ebukam, Samson",NFC,DE,0.9900000000000001,1.0,5.09,2024,0
13685,"Okoronkwo, Ogbonnia",NFC,DE,0.9900000000000001,0.0,2.78,2024,0
13688,"Davenport, Marcus",AFC,DE,0.9900000000000001,0.0,7.79,2024,0
13759,"Armstrong, Dorance",NFC,DE,0.9900000000000001,0.0,2.2,2024,0
14254,"Omenihu, Charles",AFC,DE,0.9900000000000001,1.0,2.2,2024,0
14878,"Gross-Matos, Yetur",AFC,DE,0.9900000000000001,0.0,2.54,2024,0
14925,"Uche, Josh",NFC,DE,0.9900000000000001,0.0,2.2,2024,0
14947,"Wonnum, D.J.",NFC,DE,0.9900000000000001,0.0,6.67,2024,0
14978,"Danna, Michael",NFC,DE,0.9900000000000001,1.0,2.2,2024,0
14978,"Danna, Michael",AFC,DE,0.9900000000000001,0.0,2.2,2024,0
15121,"Huff, Bryce",NFC,DE,0.9900000000000001,0.0,2.2,2024,0
15395,"Koonce, Malcolm",NFC,DE,0.9900000000000001,0.0,2.2,2024,0
15395,"Koonce, Malcolm",AFC,DE,0.9900000000000001,0.0,2.2,2024,0
15484,"Cooper, Jonathon",NFC,DE,0.9900000000000001,0.0,11.29,2024,0
15565,"Hoecht, Michael",AFC,DE,0.9900000000000001,1.0,4.12,2024,0
15928,"Houston, James",AFC,DE,0.9900000000000001,0.0,2.2,2024,0
16227,"Harrison, Zach",NFC,DE,0.9900000000000001,0.0,2.2,2024,0
16306,"Henry, K.J.",NFC,DE,0.9900000000000001,0.0,2.2,2024,0
16235,"Hall, Derick",NFC,DE,0.9790000000000001,2.0,2.2,2024,0
15484,"Cooper, Jonathon",AFC,DE,0.9680000000000001,0.0,11.29,2024,0
16235,"Hall, Derick",AFC,DE,0.9680000000000001,3.0,2.2,2024,0
16260,"Foskey, Isaiah",AFC,DE,0.9680000000000001,3.0,2.2,2024,0
16303,"Herbig, Nick",NFC,DE,0.9460000000000001,2.0,2.2,2024,0
15813,"Enagbare, Kingsley",NFC,DE,0.935,0.0,2.2,2024,0
15864,"Wright, Alex",AFC,DE,0.935,0.0,2.2,2024,0
15907,"Robinson, Dominique",NFC,DE,0.935,0.0,2.2,2024,0
16277,"Johnson, DJ",AFC,DE,0.8910000000000001,2.0,2.2,2024,0
16278,"Diaby, YaYa",NFC,DE,0.8910000000000001,2.0,2.2,2024,0
16278,"Diaby, YaYa",AFC,DE,0.8910000000000001,2.0,2.2,2024,0
16305,"Abdullah, Yasir",NFC,DE,0.8910000000000001,2.0,2.2,2024,0
14162,"Wilkins, Christian",AFC,DT,17.457,2.0,19.45,2024,0
12688,"Buckner, DeForest",NFC,DT,16.456000000000003,1.0,19.45,2024,0
14162,"Wilkins, Christian",NFC,DT,14.850000000000001,2.0,19.45,2024,0
10266,"Heyward, Cameron",AFC,DT,14.080000000000002,0.0,14.08,2024,0
14157,"Williams, Quinnen",AFC,DT,14.080000000000002,0.0,16.96,2024,0
11757,"Donald, Aaron",AFC,DT,13.904000000000002,0.0,13.99,2024,0
12225,"Williams, Leonard",NFC,DT,13.794,1.0,13.79,2024,0
12688,"Buckner, DeForest",AFC,DT,13.574000000000002,1.0,19.45,2024,0
14159,"Lawrence, Dexter",NFC,DT,13.090000000000002,3.0,13.09,2024,0
11757,"Donald, Aaron",NFC,DT,12.540000000000001,1.0,13.99,2024,0
14157,"Williams, Quinnen",NFC,DT,11.616000000000001,4.0,16.96,2024,0
12764,"Hargrave, Javon",NFC,DT,10.56,1.0,10.56,2024,0
12218,"Armstead, Arik",AFC,DT,10.252,0.0,10.25,2024,0
12741,"Jones, Chris",AFC,DT,10.098,2.0,10.1,2024,0
14163,"Simmons, Jeffery",NFC,DT,9.988000000000001,2.0,13.68,2024,0
14163,"Simmons, Jeffery",AFC,DT,9.988000000000001,2.0,13.68,2024,0
10266,"Heyward, Cameron",NFC,DT,9.317000000000002,1.0,12.82,2024,0
14159,"Lawrence, Dexter",AFC,DT,9.02,0.0,11.09,2024,0
12305,"Jarrett, Grady",NFC,DT,8.91,0.0,8.91,2024,0
13208,"Allen, Jonathan",NFC,DT,8.723,1.0,16.96,2024,0
12741,"Jones, Chris",NFC,DT,8.547,1.0,8.55,2024,0
13723,"Payne, Da'Ron",AFC,DT,8.239,0.0,13.99,2024,0
12764,"Hargrave, Javon",AFC,DT,8.118,0.0,8.82,2024,0
13742,"Hill, B.J.",AFC,DT,7.403000000000001,1.0,9.99,2024,0
13839,"Sieler, Zach",AFC,DT,7.271000000000001,1.0,14.47,2024,0
12225,"Williams, Leonard",AFC,DT,7.040000000000001,0.0,7.76,2024,0
13208,"Allen, Jonathan",AFC,DT,7.018000000000001,0.0,16.96,2024,0
14153,"Allen, Zach",AFC,DT,6.875000000000001,0.0,8.82,2024,0
13723,"Payne, Da'Ron",NFC,DT,6.6000000000000005,3.0,13.99,2024,0
14158,"Oliver, Ed",AFC,DT,6.281000000000001,3.0,10.18,2024,0
12739,"Clark, Kenny",NFC,DT,5.852000000000001,0.0,5.85,2024,0
13810,"Joseph-Day, Sebastian",AFC,DT,5.852000000000001,1.0,5.85,2024,0
14153,"Allen, Zach",NFC,DT,5.808000000000001,1.0,8.82,2024,0
12305,"Jarrett, Grady",AFC,DT,5.720000000000001,0.0,7.16,2024,0
13260,"Tomlinson, Dalvin",AFC,DT,5.324,0.0,5.32,2024,0
9051,"Campbell, Calais",AFC,DT,5.170000000000001,0.0,5.85,2024,0
13742,"Hill, B.J.",NFC,DT,4.73,2.0,9.99,2024,0
14215,"Saunders, Khalen",AFC,DT,4.73,0.0,4.73,2024,0
12698,"Reed, Jarran",AFC,DT,4.301,1.0,6.95,2024,0
14158,"Oliver, Ed",NFC,DT,4.246,1.0,10.18,2024,0
12739,"Clark, Kenny",AFC,DT,4.224,1.0,4.22,2024,0
13839,"Sieler, Zach",NFC,DT,4.202,0.0,14.47,2024,0
10762,"Cox, Fletcher",AFC,DT,3.8500000000000005,0.0,3.85,2024,0
12218,"Armstead, Arik",NFC,DT,3.3440000000000003,1.0,3.34,2024,0
10762,"Cox, Fletcher",NFC,DT,3.3000000000000003,0.0,3.3,2024,0
13693,"Phillips, Harrison",AFC,DT,3.1790000000000003,2.0,12.82,2024,0
16233,"Carter, Jalen",AFC,DT,3.1350000000000002,3.0,3.14,2024,0
14164,"Jones, Dre'Mont",NFC,DT,3.0690000000000004,3.0,3.6,2024,0
14164,"Jones, Dre'Mont",AFC,DT,3.058,2.0,3.6,2024,0
14897,"Brown, Derrick",NFC,DT,3.0140000000000007,0.0,16.96,2024,0
14897,"Brown, Derrick",AFC,DT,3.0140000000000007,0.0,16.96,2024,0
13693,"Phillips, Harrison",NFC,DT,2.9040000000000004,2.0,12.82,2024,0
12700,"Johnson, Austin",AFC,DT,2.783,0.0,2.78,2024,0
16233,"Carter, Jalen",NFC,DT,2.728,3.0,2.73,2024,0
13212,"Wormley, Chris",AFC,DT,2.662,0.0,5.25,2024,0
13692,"Vea, Vita",NFC,DT,2.475,0.0,3.1,2024,0
12229,"Phillips, Jordan",AFC,DT,2.189,0.0,2.19,2024,0
12802,"Reader, D.J.",NFC,DT,1.9360000000000002,1.0,2.96,2024,0
13692,"Vea, Vita",AFC,DT,1.903,1.0,3.1,2024,0
16256,"Bresee, Bryan",AFC,DT,1.859,3.0,1.86,2024,0
15819,"Wyatt, Devonte",AFC,DT,1.793,2.0,1.79,2024,0
12802,"Reader, D.J.",AFC,DT,1.7820000000000003,1.0,2.96,2024,0
16344,"Stills, Dante",NFC,DT,1.7490000000000003,3.0,1.75,2024,0
12735,"Rankins, Sheldon",NFC,DT,1.7270000000000003,0.0,5.25,2024,0
14900,"Madubuike, Justin",AFC,DT,1.7270000000000003,0.0,13.99,2024,0
15173,"Tart, Teair",AFC,DT,1.7270000000000003,1.0,1.73,2024,0
15817,"Davis, Jordan",AFC,DT,1.6940000000000002,2.0,1.7,2024,0
9051,"Campbell, Calais",NFC,DT,1.6500000000000001,0.0,5.85,2024,0
13085,"Fox, Morgan",AFC,DT,1.6500000000000001,2.0,1.7,2024,0
13748,"Jones, Justin",NFC,DT,1.6500000000000001,0.0,4.27,2024,0
13777,"Nichols, Bilal",AFC,DT,1.6500000000000001,0.0,1.79,2024,0
14400,"Ledbetter, Jonathan",AFC,DT,1.6500000000000001,0.0,1.7,2024,0
15393,"Odighizuwa, Osa",AFC,DT,1.6500000000000001,2.0,2.06,2024,0
15446,"Slaton, Tedarrell",AFC,DT,1.6500000000000001,0.0,1.7,2024,0
15819,"Wyatt, Devonte",NFC,DT,1.617,2.0,1.7,2024,0
16254,"Kancey, Calijah",NFC,DT,1.595,3.0,1.7,2024,0
16254,"Kancey, Calijah",AFC,DT,1.595,3.0,1.7,2024,0
15817,"Davis, Jordan",NFC,DT,1.551,2.0,1.7,2024,0
11286,"Jenkins, John",NFC,DT,1.54,0.0,5.25,2024,0
12735,"Rankins, Sheldon",AFC,DT,1.54,0.0,5.25,2024,0
12782,"Onyemata, David",NFC,DT,1.54,0.0,8.39,2024,0
12782,"Onyemata, David",AFC,DT,1.54,0.0,8.39,2024,0
13085,"Fox, Morgan",NFC,DT,1.54,0.0,1.7,2024,0
13265,"Ogunjobi, Larry",AFC,DT,1.54,0.0,1.74,2024,0
14900,"Madubuike, Justin",NFC,DT,1.54,0.0,13.99,2024,0
15357,"Barmore, Christian",NFC,DT,1.4190000000000003,1.0,10.41,2024,0
16258,"Smith, Mazi",AFC,DT,1.3970000000000002,3.0,1.7,2024,0
15357,"Barmore, Christian",AFC,DT,1.375,1.0,10.41,2024,0
16256,"Bresee, Bryan",NFC,DT,1.342,3.0,1.7,2024,0
15812,"Hall, Logan",NFC,DT,1.254,2.0,1.7,2024,0
15812,"Hall, Logan",AFC,DT,1.1770000000000003,2.0,1.7,2024,0
12758,"Bullard, Jonathan",AFC,DT,1.1,0.0,1.7,2024,0
16282,"Turner, Kobie",AFC,DT,1.1,0.0,7.16,2024,0
10457,"Guy, Lawrence",AFC,DT,1.089,0.0,1.7,2024,0
12698,"Reed, Jarran",NFC,DT,1.089,0.0,6.95,2024,0
13298,"Stewart, Grover",AFC,DT,1.089,0.0,9.17,2024,0
13434,"Robertson-Harris, Roy",AFC,DT,1.089,0.0,1.88,2024,0
14930,"Hamilton, Davon",NFC,DT,1.089,0.0,3.04,2024,0
14930,"Hamilton, Davon",AFC,DT,1.089,0.0,3.04,2024,0
15390,"McNeill, Alim",AFC,DT,1.045,0.0,1.7,2024,0
16258,"Smith, Mazi",NFC,DT,1.034,3.0,1.7,2024,0
15818,"Leal, DeMarvin",NFC,DT,1.0120000000000002,2.0,1.7,2024,0
11286,"Jenkins, John",AFC,DT,0.9900000000000001,0.0,5.25,2024,0
11793,"Jones, DaQuan",NFC,DT,0.9900000000000001,0.0,4.73,2024,0
11872,"Harris, Shelby",NFC,DT,0.9900000000000001,0.0,1.7,2024,0
11872,"Harris, Shelby",AFC,DT,0.9900000000000001,0.0,1.7,2024,0
12697,"Robinson, A'Shawn",NFC,DT,0.9900000000000001,0.0,3.24,2024,0
12697,"Robinson, A'Shawn",AFC,DT,0.9900000000000001,0.0,3.24,2024,0
12751,"Gotsis, Adam",NFC,DT,0.9900000000000001,0.0,1.7,2024,0
12754,"Collins, Maliek",NFC,DT,0.9900000000000001,0.0,1.74,2024,0
12754,"Collins, Maliek",AFC,DT,0.9900000000000001,0.0,1.7,2024,0
12791,"Lowry, Dean",NFC,DT,0.9900000000000001,0.0,1.7,2024,0
12796,"Jefferson, Quinton",NFC,DT,0.9900000000000001,1.0,1.73,2024,0
12952,"Pierce, Michael",NFC,DT,0.9900000000000001,0.0,1.7,2024,0
13258,"Walker, DeMarcus",NFC,DT,0.9900000000000001,1.0,2.2,2024,0
13258,"Walker, DeMarcus",AFC,DT,0.9900000000000001,1.0,2.2,2024,0
13298,"Stewart, Grover",NFC,DT,0.9900000000000001,0.0,9.17,2024,0
13317,"Godchaux, Davon",NFC,DT,0.9900000000000001,0.0,1.79,2024,0
13317,"Godchaux, Davon",AFC,DT,0.9900000000000001,0.0,1.79,2024,0
13332,"Jones, D.J.",NFC,DT,0.9900000000000001,0.0,3.1,2024,0
13332,"Jones, D.J.",AFC,DT,0.9900000000000001,0.0,3.1,2024,0
13695,"Bryan, Taven",AFC,DT,0.9900000000000001,0.0,1.7,2024,0
13748,"Jones, Justin",AFC,DT,0.9900000000000001,1.0,4.27,2024,0
13777,"Nichols, Bilal",NFC,DT,0.9900000000000001,0.0,1.79,2024,0
14215,"Saunders, Khalen",NFC,DT,0.9900000000000001,0.0,1.7,2024,0
14237,"Gaines, Greg",AFC,DT,0.9900000000000001,0.0,1.7,2024,0
14400,"Ledbetter, Jonathan",NFC,DT,0.9900000000000001,0.0,1.7,2024,0
14595,"Strong, Kevin",AFC,DT,0.9900000000000001,0.0,1.88,2024,0
14675,"Tuttle, Shy",NFC,DT,0.9900000000000001,0.0,1.7,2024,0
14716,"Harris, Jonathan",NFC,DT,0.9900000000000001,0.0,1.7,2024,0
14716,"Harris, Jonathan",AFC,DT,0.9900000000000001,0.0,1.7,2024,0
15089,"Roach, Malcolm",NFC,DT,0.9900000000000001,0.0,1.7,2024,0
15390,"McNeill, Alim",NFC,DT,0.9900000000000001,1.0,1.7,2024,0
15446,"Slaton, Tedarrell",NFC,DT,0.9900000000000001,0.0,1.7,2024,0
15559,"Williams, Jonah",NFC,DT,0.9900000000000001,0.0,1.7,2024,0
15559,"Williams, Jonah",AFC,DT,0.9900000000000001,0.0,1.7,2024,0
15818,"Leal, DeMarvin",AFC,DT,0.9900000000000001,0.0,1.7,2024,0
15863,"Jones, Travis",NFC,DT,0.9900000000000001,2.0,1.7,2024,0
16285,"Ika, Siaki",AFC,DT,0.9900000000000001,3.0,1.7,2024,0
16308,"Roy, Jaquelin",NFC,DT,0.9900000000000001,0.0,1.7,2024,0
16335,"Matlock, Scott",AFC,DT,0.9900000000000001,0.0,1.7,2024,0
16344,"Stills, Dante",AFC,DT,0.9900000000000001,0.0,1.7,2024,0
16264,"Benton, Keeanu",AFC,DT,0.9790000000000001,3.0,1.7,2024,0
15393,"Odighizuwa, Osa",NFC,DT,0.9680000000000001,0.0,2.06,2024,0
16265,"Dexter, Gervon",NFC,DT,0.9680000000000001,3.0,1.7,2024,0
16264,"Benton, Keeanu",NFC,DT,0.9570000000000001,3.0,1.7,2024,0
16265,"Dexter, Gervon",AFC,DT,0.9570000000000001,3.0,1.7,2024,0
16259,"Martin, Brodric",NFC,DT,0.9460000000000001,2.0,1.7,2024,0
16291,"Adebawore, Adetomiwa",NFC,DT,0.9460000000000001,3.0,1.7,2024,0
16291,"Adebawore, Adetomiwa",AFC,DT,0.9460000000000001,3.0,1.7,2024,0
15820,"Mathis, Phidarian",NFC,DT,0.935,1.0,1.7,2024,0
15870,"Carter, Zachary",NFC,DT,0.935,0.0,1.7,2024,0
15898,"Ogbonnia, Otito",AFC,DT,0.935,0.0,1.7,2024,0
16270,"Pickens, Zacch",NFC,DT,0.8910000000000001,2.0,1.7,2024,0
16282,"Turner, Kobie",NFC,DT,0.8910000000000001,2.0,7.16,2024,0
16324,"Brooks, Karl",NFC,DT,0.8910000000000001,2.0,1.7,2024,0
16369,"Ojomo, Moro",AFC,DT,0.8910000000000001,2.0,1.7,2024,0
13307,"Milano, Matt",NFC,LB,24.310000000000002,0.0,24.31,2024,0
13733,"Leonard, Shaquille",NFC,LB,18.744,1.0,27.32,2024,0
13733,"Leonard, Shaquille",AFC,LB,18.271,1.0,27.32,2024,0
13813,"Oluokun, Foyesade",NFC,LB,13.200000000000001,2.0,27.32,2024,0
13696,"Smith, Roquan",NFC,LB,11.616000000000001,1.0,15.74,2024,0
14218,"Okereke, Bobby",AFC,LB,9.350000000000001,0.0,15.74,2024,0
13696,"Smith, Roquan",AFC,LB,9.13,0.0,15.74,2024,0
10775,"Wagner, Bobby",NFC,LB,8.8,1.0,8.8,2024,0
13837,"Franklin, Zaire",NFC,LB,8.8,0.0,8.8,2024,0
14168,"White, Devin",NFC,LB,7.6450000000000005,1.0,7.64,2024,0
13306,"Walker, Anthony",AFC,LB,7.3260000000000005,0.0,7.33,2024,0
10775,"Wagner, Bobby",AFC,LB,7.26,1.0,7.26,2024,0
13697,"Edmunds, Tremaine",AFC,LB,7.15,0.0,7.29,2024,0
13743,"Warner, Fred",NFC,LB,6.743,2.0,27.32,2024,0
12779,"Campbell, De'Vondre",AFC,LB,6.732000000000001,1.0,6.73,2024,0
13813,"Oluokun, Foyesade",AFC,LB,6.732000000000001,0.0,27.32,2024,0
11728,"Mosley, C.J.",AFC,LB,6.655,1.0,6.66,2024,0
12231,"Thompson, Shaq",NFC,LB,6.655,2.0,6.66,2024,0
13762,"White, Kyzir",AFC,LB,6.655,0.0,6.66,2024,0
14235,"Tranquill, Drue",AFC,LB,6.611000000000001,0.0,8.96,2024,0
12239,"Kendricks, Eric",AFC,LB,6.6000000000000005,0.0,6.6,2024,0
14168,"White, Devin",AFC,LB,6.534000000000001,1.0,6.57,2024,0
14892,"Brooks, Jordyn",NFC,LB,6.325,3.0,6.95,2024,0
14268,"Long, David",AFC,LB,6.292,0.0,6.29,2024,0
13837,"Franklin, Zaire",AFC,LB,6.127000000000001,1.0,6.95,2024,0
13743,"Warner, Fred",AFC,LB,5.5,0.0,27.32,2024,0
14218,"Okereke, Bobby",NFC,LB,5.082000000000001,1.0,15.74,2024,0
12287,"Hicks, Jordan",NFC,LB,4.95,0.0,4.95,2024,0
12287,"Hicks, Jordan",AFC,LB,4.95,1.0,4.95,2024,0
12779,"Campbell, De'Vondre",NFC,LB,4.829,0.0,4.83,2024,0
15890,"McFadden, Micah",AFC,LB,4.807,2.0,4.81,2024,0
14260,"Holcomb, Cole",AFC,LB,4.73,2.0,7.49,2024,0
14892,"Brooks, Jordyn",AFC,LB,4.73,0.0,6.95,2024,0
14322,"Edwards, T.J.",AFC,LB,4.466,0.0,10.48,2024,0
13706,"Baker, Jerome",AFC,LB,4.356,0.0,4.36,2024,0
13762,"White, Kyzir",NFC,LB,4.356,0.0,4.36,2024,0
14247,"Greenlaw, Dre",AFC,LB,4.3340000000000005,2.0,4.89,2024,0
12238,"Perryman, Denzel",AFC,LB,4.18,1.0,6.73,2024,0
13307,"Milano, Matt",AFC,LB,4.125,0.0,21.53,2024,0
13706,"Baker, Jerome",NFC,LB,3.8280000000000003,0.0,3.83,2024,0
12828,"Grugier-Hill, Kamu",NFC,LB,3.63,1.0,3.63,2024,0
14221,"Williams, Quincy",AFC,LB,3.63,1.0,8.96,2024,0
14896,"Queen, Patrick",AFC,LB,3.619,0.0,7.29,2024,0
12239,"Kendricks, Eric",NFC,LB,3.4100000000000006,0.0,3.98,2024,0
14221,"Williams, Quincy",NFC,LB,3.3000000000000003,1.0,8.96,2024,0
10768,"David, Lavonte",AFC,LB,3.1350000000000002,1.0,8.22,2024,0
15404,"Jones, Ernest",NFC,LB,3.102,4.0,6.57,2024,0
14896,"Queen, Patrick",NFC,LB,3.0140000000000007,0.0,7.29,2024,0
14926,"Gay, Willie",AFC,LB,3.0140000000000007,0.0,7.29,2024,0
14928,"Wilson, Logan",NFC,LB,3.0140000000000007,0.0,7.29,2024,0
14928,"Wilson, Logan",AFC,LB,3.0140000000000007,0.0,7.29,2024,0
14926,"Gay, Willie",NFC,LB,2.9370000000000003,1.0,7.29,2024,0
14210,"Pratt, Germaine",NFC,LB,2.9260000000000006,1.0,3.06,2024,0
14210,"Pratt, Germaine",AFC,LB,2.9260000000000006,1.0,3.06,2024,0
14887,"Simmons, Isaiah",NFC,LB,2.915,0.0,4.6,2024,0
13952,"Luvu, Frankie",NFC,LB,2.849,0.0,10.48,2024,0
13697,"Edmunds, Tremaine",NFC,LB,2.805,3.0,7.29,2024,0
15822,"Lloyd, Devin",NFC,LB,2.7720000000000002,2.0,3.06,2024,0
15822,"Lloyd, Devin",AFC,LB,2.7720000000000002,2.0,3.06,2024,0
10768,"David, Lavonte",NFC,LB,2.75,0.0,8.22,2024,0
16239,"Campbell, Jack",AFC,LB,2.563,3.0,2.56,2024,0
15373,"Davis, Jamin",NFC,LB,2.53,1.0,2.53,2024,0
14247,"Greenlaw, Dre",NFC,LB,2.4640000000000004,1.0,4.89,2024,0
14889,"Murray, Kenneth",AFC,LB,2.4640000000000004,0.0,2.79,2024,0
12831,"Roberts, Elandon",AFC,LB,2.4420000000000006,0.0,2.44,2024,0
14322,"Edwards, T.J.",NFC,LB,2.4200000000000004,0.0,10.48,2024,0
16239,"Campbell, Jack",NFC,LB,2.4200000000000004,3.0,2.42,2024,0
10816,"Davis, Demario",AFC,LB,2.4090000000000003,1.0,4.36,2024,0
15373,"Davis, Jamin",AFC,LB,2.4090000000000003,1.0,2.41,2024,0
14889,"Murray, Kenneth",NFC,LB,2.343,0.0,2.79,2024,0
15821,"Dean, Nakobe",AFC,LB,2.2880000000000003,2.0,2.29,2024,0
14260,"Holcomb, Cole",NFC,LB,2.2,1.0,7.49,2024,0
11728,"Mosley, C.J.",NFC,LB,2.09,1.0,4.6,2024,0
14251,"Cashman, Blake",AFC,LB,2.09,0.0,3.63,2024,0
15830,"Muma, Chad",NFC,LB,1.9140000000000001,2.0,1.91,2024,0
15826,"Clark, Damone",NFC,LB,1.859,2.0,1.86,2024,0
15351,"Owusu-Koramoah, Jeremiah",NFC,LB,1.815,1.0,6.61,2024,0
15821,"Dean, Nakobe",NFC,LB,1.793,2.0,1.8,2024,0
15351,"Owusu-Koramoah, Jeremiah",AFC,LB,1.7490000000000003,1.0,6.61,2024,0
13699,"Evans, Rashaan",NFC,LB,1.6940000000000002,0.0,4.77,2024,0
13702,"Jewell, Josey",NFC,LB,1.6940000000000002,0.0,27.32,2024,0
13702,"Jewell, Josey",AFC,LB,1.6940000000000002,1.0,27.32,2024,0
14412,"Singleton, Alex",AFC,LB,1.6940000000000002,0.0,6.61,2024,0
15846,"Walker, Quay",AFC,LB,1.6610000000000003,2.0,3.63,2024,0
13426,"Morrow, Nicholas",NFC,LB,1.6500000000000001,0.0,2.88,2024,0
14257,"Speed, E.J.",NFC,LB,1.6500000000000001,0.0,2.38,2024,0
14257,"Speed, E.J.",AFC,LB,1.6500000000000001,0.0,2.38,2024,0
14303,"Elliss, Kaden",NFC,LB,1.6500000000000001,1.0,3.22,2024,0
14472,"Dodson, Tyrel",AFC,LB,1.6500000000000001,0.0,1.8,2024,0
15355,"Bolton, Nick",AFC,LB,1.639,1.0,10.48,2024,0
15355,"Bolton, Nick",NFC,LB,1.595,1.0,10.48,2024,0
15846,"Walker, Quay",NFC,LB,1.584,2.0,3.63,2024,0
15387,"Werner, Pete",NFC,LB,1.573,1.0,1.8,2024,0
15387,"Werner, Pete",AFC,LB,1.573,1.0,1.8,2024,0
10816,"Davis, Demario",NFC,LB,1.54,0.0,4.36,2024,0
12233,"Alexander, Kwon",NFC,LB,1.54,0.0,1.8,2024,0
13268,"Anzalone, Alex",AFC,LB,1.54,0.0,3.22,2024,0
13727,"Vander Esch, Leighton",AFC,LB,1.54,0.0,1.8,2024,0
13775,"Bentley, Ja'Whaun",NFC,LB,1.54,0.0,1.8,2024,0
13775,"Bentley, Ja'Whaun",AFC,LB,1.54,0.0,1.8,2024,0
16231,"Sanders, Drew",AFC,LB,1.518,3.0,1.8,2024,0
15858,"Andersen, Troy",NFC,LB,1.4300000000000002,2.0,1.8,2024,0
15858,"Andersen, Troy",AFC,LB,1.4300000000000002,2.0,1.8,2024,0
16280,"Henley, Daiyan",AFC,LB,1.4190000000000003,3.0,1.8,2024,0
15823,"Harris, Christian",NFC,LB,1.375,2.0,1.8,2024,0
16234,"Simpson, Trenton",AFC,LB,1.32,3.0,1.8,2024,0
16231,"Sanders, Drew",NFC,LB,1.265,3.0,1.8,2024,0
15823,"Harris, Christian",AFC,LB,1.2429999999999999,2.0,1.8,2024,0
15824,"Tindall, Channing",AFC,LB,1.2320000000000002,1.0,1.8,2024,0
16234,"Simpson, Trenton",NFC,LB,1.1550000000000002,3.0,1.8,2024,0
16280,"Henley, Daiyan",NFC,LB,1.1440000000000001,3.0,1.8,2024,0
15831,"Chenal, Leo",NFC,LB,1.1330000000000002,2.0,1.8,2024,0
15404,"Jones, Ernest",AFC,LB,1.1,1.0,6.57,2024,0
15831,"Chenal, Leo",AFC,LB,1.1,1.0,1.8,2024,0
13268,"Anzalone, Alex",NFC,LB,1.089,0.0,3.22,2024,0
13952,"Luvu, Frankie",AFC,LB,1.089,0.0,10.48,2024,0
14217,"Barton, Cody",NFC,LB,1.089,0.0,2.76,2024,0
14217,"Barton, Cody",AFC,LB,1.089,0.0,2.76,2024,0
14235,"Tranquill, Drue",NFC,LB,1.089,0.0,8.96,2024,0
14412,"Singleton, Alex",NFC,LB,1.089,0.0,6.61,2024,0
14948,"Walker, Mykal",AFC,LB,1.089,0.0,2.41,2024,0
15409,"Barnes, Derrick",AFC,LB,1.078,1.0,1.8,2024,0
15396,"Deablo, Divine",AFC,LB,1.056,1.0,1.8,2024,0
15396,"Deablo, Divine",NFC,LB,1.045,0.0,1.8,2024,0
15829,"Asamoah, Brian",NFC,LB,1.034,1.0,1.8,2024,0
15890,"McFadden, Micah",NFC,LB,1.0010000000000001,1.0,3.01,2024,0
12233,"Alexander, Kwon",AFC,LB,0.9900000000000001,0.0,1.8,2024,0
12831,"Roberts, Elandon",NFC,LB,0.9900000000000001,1.0,2.43,2024,0
13216,"Cunningham, Zach",NFC,LB,0.9900000000000001,0.0,1.8,2024,0
13216,"Cunningham, Zach",AFC,LB,0.9900000000000001,0.0,4.73,2024,0
13426,"Morrow, Nicholas",AFC,LB,0.9900000000000001,0.0,2.88,2024,0
13727,"Vander Esch, Leighton",NFC,LB,0.9900000000000001,0.0,1.8,2024,0
13987,"Spillane, Robert",NFC,LB,0.9900000000000001,1.0,6.31,2024,0
13987,"Spillane, Robert",AFC,LB,0.9900000000000001,1.0,6.31,2024,0
14200,"Tavai, Jahlani",AFC,LB,0.9900000000000001,0.0,2.46,2024,0
14251,"Cashman, Blake",NFC,LB,0.9900000000000001,0.0,3.63,2024,0
14268,"Long, David",NFC,LB,0.9900000000000001,0.0,2.88,2024,0
14303,"Elliss, Kaden",AFC,LB,0.9900000000000001,1.0,3.22,2024,0
14590,"Al-Shaair, Azeez",NFC,LB,0.9900000000000001,1.0,6.66,2024,0
14590,"Al-Shaair, Azeez",AFC,LB,0.9900000000000001,1.0,6.66,2024,0
14948,"Walker, Mykal",NFC,LB,0.9900000000000001,0.0,2.41,2024,0
14966,"Hudson, Khaleke",NFC,LB,0.9900000000000001,0.0,1.8,2024,0
15076,"Rozeboom, Christian",NFC,LB,0.9900000000000001,0.0,1.8,2024,0
15082,"Barnes, Krys",NFC,LB,0.9900000000000001,0.0,1.8,2024,0
15409,"Barnes, Derrick",NFC,LB,0.9900000000000001,0.0,1.8,2024,0
15826,"Clark, Damone",AFC,LB,0.9900000000000001,0.0,1.8,2024,0
15869,"Bernard, Terrel",NFC,LB,0.9900000000000001,1.0,8.22,2024,0
15869,"Bernard, Terrel",AFC,LB,0.9900000000000001,1.0,8.22,2024,0
16009,"Gibbens, Jack",NFC,LB,0.9900000000000001,0.0,1.8,2024,0
16013,"Landman, Nate",NFC,LB,0.9900000000000001,0.0,2.88,2024,0
16013,"Landman, Nate",AFC,LB,0.9900000000000001,0.0,2.88,2024,0
16236,"To'oTo'o, Henry",NFC,LB,0.9900000000000001,0.0,1.8,2024,0
16238,"Sewell, Noah",NFC,LB,0.9900000000000001,0.0,1.8,2024,0
16346,"Winters, Dee",NFC,LB,0.9900000000000001,0.0,1.8,2024,0
16284,"Williams, Dorian",NFC,LB,0.9570000000000001,3.0,1.8,2024,0
16284,"Williams, Dorian",AFC,LB,0.9570000000000001,3.0,1.8,2024,0
16236,"To'oTo'o, Henry",AFC,LB,0.9460000000000001,3.0,1.8,2024,0
16275,"Mapu, Marte",NFC,LB,0.9460000000000001,3.0,1.8,2024,0
16283,"Overshown, DeMarvion",NFC,LB,0.9460000000000001,3.0,1.7,2024,0
15914,"Rodriguez, Malcolm",NFC,LB,0.935,1.0,1.8,2024,0
16314,"Dennis, SirVocea",NFC,LB,0.8910000000000001,2.0,1.8,2024,0
16314,"Dennis, SirVocea",AFC,LB,0.8910000000000001,0.0,1.8,2024,0
16383,"Pace, Ivan",NFC,LB,0.8910000000000001,2.0,1.8,2024,0
16383,"Pace, Ivan",AFC,LB,0.8910000000000001,2.0,1.8,2024,0
13718,"Carlson, Daniel",AFC,PK,2.8930000000000002,0.0,2.89,2024,0
10976,"Tucker, Justin",AFC,PK,2.0460000000000003,1.0,2.05,2024,0
10976,"Tucker, Justin",NFC,PK,1.6500000000000001,4.0,1.7,2024,0
12860,"Fairbairn, Ka'imi",AFC,PK,1.6500000000000001,3.0,1.7,2024,0
13832,"Sanders, Jason",NFC,PK,1.6500000000000001,0.0,1.7,2024,0
14244,"Gay, Matt",AFC,PK,1.6500000000000001,0.0,1.7,2024,0
15369,"Patterson, Riley",AFC,PK,1.6500000000000001,0.0,1.7,2024,0
16414,"Aubrey, Brandon",NFC,PK,1.6500000000000001,2.0,3.29,2024,0
16414,"Aubrey, Brandon",AFC,PK,1.6500000000000001,2.0,3.29,2024,0
13354,"Butker, Harrison",AFC,PK,1.54,0.0,1.7,2024,0
13718,"Carlson, Daniel",NFC,PK,1.54,0.0,2.47,2024,0
11387,"Hopkins, Dustin",AFC,PK,1.2100000000000002,0.0,2.47,2024,0
8851,"Folk, Nick",NFC,PK,1.089,0.0,1.7,2024,0
8930,"Prater, Matt",NFC,PK,1.089,0.0,1.7,2024,0
15368,"McPherson, Evan",NFC,PK,1.045,1.0,1.7,2024,0
15368,"McPherson, Evan",AFC,PK,1.045,1.0,1.7,2024,0
16286,"Moody, Jake",NFC,PK,1.0010000000000001,3.0,1.7,2024,0
8851,"Folk, Nick",AFC,PK,0.9900000000000001,0.0,1.7,2024,0
8930,"Prater, Matt",AFC,PK,0.9900000000000001,0.0,1.7,2024,0
10868,"Zuerlein, Greg",NFC,PK,0.9900000000000001,0.0,1.7,2024,0
10868,"Zuerlein, Greg",AFC,PK,0.9900000000000001,0.0,1.7,2024,0
11936,"Boswell, Chris",AFC,PK,0.9900000000000001,1.0,2.47,2024,0
11945,"Santos, Cairo",NFC,PK,0.9900000000000001,0.0,1.7,2024,0
11945,"Santos, Cairo",AFC,PK,0.9900000000000001,0.0,1.7,2024,0
11947,"McManus, Brandon",NFC,PK,0.9900000000000001,0.0,1.7,2024,0
11947,"McManus, Brandon",AFC,PK,0.9900000000000001,0.0,1.7,2024,0
12860,"Fairbairn, Ka'imi",NFC,PK,0.9900000000000001,0.0,1.7,2024,0
12956,"Lutz, Wil",NFC,PK,0.9900000000000001,0.0,1.7,2024,0
13303,"Elliott, Jake",NFC,PK,0.9900000000000001,1.0,1.7,2024,0
13303,"Elliott, Jake",AFC,PK,0.9900000000000001,1.0,1.7,2024,0
13354,"Butker, Harrison",NFC,PK,0.9900000000000001,1.0,1.7,2024,0
13403,"Koo, Younghoe",AFC,PK,0.9900000000000001,0.0,1.7,2024,0
13719,"Pineiro, Eddy",NFC,PK,0.9900000000000001,0.0,1.7,2024,0
14244,"Gay, Matt",NFC,PK,0.9900000000000001,0.0,1.7,2024,0
14717,"McLaughlin, Chase",NFC,PK,0.9900000000000001,0.0,1.7,2024,0
14717,"McLaughlin, Chase",AFC,PK,0.9900000000000001,0.0,1.7,2024,0
15979,"Dicker, Cameron",NFC,PK,0.9900000000000001,0.0,1.7,2024,0
15979,"Dicker, Cameron",AFC,PK,0.9900000000000001,0.0,1.7,2024,0
16286,"Moody, Jake",AFC,PK,0.9900000000000001,3.0,1.7,2024,0
16339,"Carlson, Anders",AFC,PK,0.9900000000000001,0.0,1.7,2024,0
16444,"Grupe, Blake",AFC,PK,0.9900000000000001,0.0,1.7,2024,0
16011,"Stonehouse, Ryan",NFC,PN,6.6000000000000005,0.0,7.4,2024,0
16011,"Stonehouse, Ryan",AFC,PN,4.73,0.0,7.4,2024,0
13782,"Dickson, Michael",NFC,PN,3.9930000000000003,0.0,3.99,2024,0
13848,"Johnston, Cam",NFC,PN,3.861,1.0,5.67,2024,0
13782,"Dickson, Michael",AFC,PN,3.7290000000000005,1.0,3.73,2024,0
13848,"Johnston, Cam",AFC,PN,2.178,0.0,5.67,2024,0
15887,"Camarda, Jake",AFC,PN,1.9580000000000002,1.0,1.96,2024,0
15887,"Camarda, Jake",NFC,PN,1.826,3.0,1.89,2024,0
11985,"Way, Tress",NFC,PN,1.7160000000000002,0.0,2.95,2024,0
11985,"Way, Tress",AFC,PN,1.7160000000000002,0.0,2.95,2024,0
14630,"Cole, A.J.",NFC,PN,1.54,0.0,5.67,2024,0
14630,"Cole, A.J.",AFC,PN,1.54,0.0,5.67,2024,0
15911,"Araiza, Matt",NFC,PN,1.2100000000000002,2.0,1.7,2024,0
10945,"Hekker, Johnny",NFC,PN,1.1,0.0,3.93,2024,0
13844,"Cooke, Logan",NFC,PN,1.089,0.0,1.7,2024,0
15884,"Stout, Jordan",NFC,PN,1.0010000000000001,2.0,1.7,2024,0
15957,"Gill, Trenton",AFC,PN,1.0010000000000001,2.0,1.7,2024,0
9596,"Morstead, Thomas",NFC,PN,0.9900000000000001,1.0,7.4,2024,0
9596,"Morstead, Thomas",AFC,PN,0.9900000000000001,0.0,7.4,2024,0
12323,"Pinion, Bradley",AFC,PN,0.9900000000000001,1.0,1.7,2024,0
12842,"Dixon, Riley",NFC,PN,0.9900000000000001,0.0,1.7,2024,0
13431,"Sanchez, Rigoberto",AFC,PN,0.9900000000000001,0.0,1.7,2024,0
13791,"Scott, J.K.",NFC,PN,0.9900000000000001,0.0,1.7,2024,0
13844,"Cooke, Logan",AFC,PN,0.9900000000000001,0.0,1.7,2024,0
13869,"Bojorquez, Corey",NFC,PN,0.9900000000000001,1.0,3.93,2024,0
13869,"Bojorquez, Corey",AFC,PN,0.9900000000000001,0.0,3.93,2024,0
14227,"Wishnowsky, Mitch",NFC,PN,0.9900000000000001,0.0,1.7,2024,0
14489,"Gillan, Jamie",AFC,PN,0.9900000000000001,0.0,1.7,2024,0
14985,"Mann, Braden",NFC,PN,0.9900000000000001,0.0,1.7,2024,0
15032,"Fox, Jack",AFC,PN,0.9900000000000001,0.0,1.7,2024,0
15496,"Harvin, Pressley",NFC,PN,0.9900000000000001,0.0,1.7,2024,0
15499,"Gillikin, Blake",AFC,PN,0.9900000000000001,0.0,1.7,2024,0
15884,"Stout, Jordan",AFC,PN,0.9900000000000001,2.0,1.7,2024,0
15911,"Araiza, Matt",AFC,PN,0.9900000000000001,0.0,1.7,2024,0
16010,"Wright, Ryan",AFC,PN,0.9900000000000001,0.0,1.72,2024,0
16458,"Hedley, Lou",AFC,PN,0.9900000000000001,0.0,1.7,2024,0
16330,"Baringer, Bryce",AFC,PN,0.9570000000000001,3.0,2.95,2024,0
16330,"Baringer, Bryce",NFC,PN,0.9460000000000001,3.0,2.95,2024,0
16347,"Robbins, Brad",AFC,PN,0.9460000000000001,3.0,1.7,2024,0
16351,"Evans, Ethan",AFC,PN,0.9460000000000001,3.0,1.7,2024,0
16351,"Evans, Ethan",NFC,PN,0.8910000000000001,2.0,1.7,2024,0
13116,"Mahomes, Patrick",NFC,QB,34.276,5.0,37.75,2024,0
13116,"Mahomes, Patrick",AFC,QB,34.265,5.0,37.75,2024,0
12620,"Prescott, Dak",AFC,QB,33.825,4.0,34.27,2024,0
12620,"Prescott, Dak",NFC,QB,27.753000000000004,3.0,34.27,2024,0
10703,"Wilson, Russell",AFC,QB,26.741,0.0,26.74,2024,0
10700,"Cousins, Kirk",NFC,QB,25.322000000000003,0.0,25.32,2024,0
14783,"Hurts, Jalen",NFC,QB,23.584000000000003,1.0,34.27,2024,0
13589,"Allen, Josh",AFC,QB,23.364,2.0,34.27,2024,0
14777,"Burrow, Joe",AFC,QB,22.539,5.0,26.03,2024,0
13589,"Allen, Josh",NFC,QB,22.506000000000004,3.0,34.27,2024,0
14777,"Burrow, Joe",NFC,QB,22.286000000000005,4.0,26.03,2024,0
14056,"Murray, Kyler",NFC,QB,21.725,0.0,23.47,2024,0
14056,"Murray, Kyler",AFC,QB,21.725,0.0,23.47,2024,0
13593,"Jackson, Lamar",NFC,QB,20.669,2.0,30.79,2024,0
13113,"Watson, Deshaun",AFC,QB,19.943,2.0,34.27,2024,0
7836,"Rodgers, Aaron",NFC,QB,17.6,1.0,34.27,2024,0
10700,"Cousins, Kirk",AFC,QB,17.369,1.0,23.47,2024,0
7836,"Rodgers, Aaron",AFC,QB,16.412000000000003,1.0,34.27,2024,0
11644,"Carr, Derek",AFC,QB,13.761000000000001,1.0,13.76,2024,0
14779,"Herbert, Justin",NFC,QB,13.761000000000001,5.0,18.77,2024,0
11644,"Carr, Derek",NFC,QB,13.684000000000001,2.0,13.68,2024,0
13113,"Watson, Deshaun",NFC,QB,13.409,1.0,34.27,2024,0
14779,"Herbert, Justin",AFC,QB,12.881000000000002,5.0,18.77,2024,0
11150,"Smith, Geno",AFC,QB,12.078000000000001,2.0,22.01,2024,0
14059,"Jones, Daniel",NFC,QB,11.704000000000002,1.0,13.76,2024,0
13593,"Jackson, Lamar",AFC,QB,11.143000000000002,1.0,30.79,2024,0
15237,"Lawrence, Trevor",NFC,QB,9.922,1.0,16.89,2024,0
15237,"Lawrence, Trevor",AFC,QB,9.922,1.0,16.89,2024,0
14782,"Love, Jordan",NFC,QB,9.526000000000002,3.0,13.76,2024,0
14782,"Love, Jordan",AFC,QB,9.504000000000001,5.0,13.76,2024,0
16152,"Richardson, Anthony",NFC,QB,9.042000000000002,3.0,9.52,2024,0
10703,"Wilson, Russell",NFC,QB,9.02,1.0,9.52,2024,0
14778,"Tagovailoa, Tua",AFC,QB,9.02,0.0,26.03,2024,0
13590,"Mayfield, Baker",NFC,QB,8.481,2.0,13.55,2024,0
15238,"Fields, Justin",AFC,QB,8.382000000000001,1.0,9.52,2024,0
15240,"Lance, Trey",NFC,QB,8.382000000000001,1.0,8.38,2024,0
9431,"Stafford, Matthew",NFC,QB,7.8100000000000005,0.0,16.89,2024,0
14778,"Tagovailoa, Tua",NFC,QB,7.744000000000001,0.0,26.03,2024,0
16152,"Richardson, Anthony",AFC,QB,7.623,3.0,9.52,2024,0
12611,"Goff, Jared",AFC,QB,6.633000000000001,0.0,23.47,2024,0
11150,"Smith, Geno",NFC,QB,6.611000000000001,2.0,22.01,2024,0
15698,"Purdy, Brock",NFC,QB,6.611000000000001,1.0,37.75,2024,0
15698,"Purdy, Brock",AFC,QB,6.611000000000001,1.0,37.75,2024,0
12611,"Goff, Jared",NFC,QB,6.6000000000000005,0.0,23.47,2024,0
16148,"Young, Bryce",AFC,QB,6.545000000000001,3.0,9.52,2024,0
9431,"Stafford, Matthew",AFC,QB,6.16,0.0,16.89,2024,0
15692,"Pickett, Kenny",NFC,QB,5.863,2.0,9.52,2024,0
16150,"Stroud, C.J.",NFC,QB,5.698,3.0,22.52,2024,0
16148,"Young, Bryce",NFC,QB,5.038,3.0,9.52,2024,0
10697,"Tannehill, Ryan",AFC,QB,4.95,0.0,9.52,2024,0
15239,"Wilson, Zach",AFC,QB,4.95,1.0,9.52,2024,0
14783,"Hurts, Jalen",AFC,QB,4.73,0.0,34.27,2024,0
15238,"Fields, Justin",NFC,QB,4.477,1.0,9.52,2024,0
15239,"Wilson, Zach",NFC,QB,4.081,1.0,9.52,2024,0
15240,"Lance, Trey",AFC,QB,4.081,1.0,4.08,2024,0
12140,"Winston, Jameis",AFC,QB,3.861,0.0,9.52,2024,0
15241,"Jones, Mac",AFC,QB,3.212,1.0,9.52,2024,0
13590,"Mayfield, Baker",AFC,QB,2.9040000000000004,1.0,13.55,2024,0
16150,"Stroud, C.J.",AFC,QB,2.728,3.0,22.52,2024,0
15241,"Jones, Mac",NFC,QB,2.662,1.0,9.52,2024,0
16149,"Levis, Will",AFC,QB,2.4200000000000004,3.0,9.52,2024,0
15692,"Pickett, Kenny",AFC,QB,2.101,2.0,9.52,2024,0
15694,"Willis, Malik",AFC,QB,1.9580000000000002,2.0,9.52,2024,0
15697,"Ridder, Desmond",NFC,QB,1.837,2.0,9.52,2024,0
16149,"Levis, Will",NFC,QB,1.804,3.0,9.52,2024,0
16151,"Hooker, Hendon",AFC,QB,1.804,3.0,1.8,2024,0
16151,"Hooker, Hendon",NFC,QB,1.6940000000000002,3.0,1.7,2024,0
9064,"Flacco, Joe",NFC,QB,1.6500000000000001,0.0,12.48,2024,0
12610,"Wentz, Carson",NFC,QB,1.6500000000000001,1.0,11.42,2024,0
12610,"Wentz, Carson",AFC,QB,1.6500000000000001,0.0,11.42,2024,0
14358,"Browning, Jake",NFC,QB,1.6500000000000001,0.0,9.52,2024,0
10697,"Tannehill, Ryan",NFC,QB,1.54,0.0,9.52,2024,0
12476,"Heinicke, Taylor",NFC,QB,1.54,0.0,9.52,2024,0
14067,"Minshew, Gardner",NFC,QB,1.54,0.0,9.52,2024,0
16441,"DeVito, Tommy",NFC,QB,1.54,0.0,9.52,2024,0
15693,"Howell, Sam",AFC,QB,1.518,2.0,9.52,2024,0
15697,"Ridder, Desmond",AFC,QB,1.4850000000000003,2.0,9.52,2024,0
14057,"Lock, Drew",NFC,QB,1.1,0.0,9.52,2024,0
14059,"Jones, Daniel",AFC,QB,1.1,0.0,13.76,2024,0
15696,"Zappe, Bailey",AFC,QB,1.078,2.0,9.52,2024,0
15693,"Howell, Sam",NFC,QB,1.056,2.0,9.52,2024,0
16159,"O'Connell, Aidan",AFC,QB,1.0010000000000001,3.0,9.52,2024,0
9064,"Flacco, Joe",AFC,QB,0.9900000000000001,0.0,12.48,2024,0
10413,"Taylor, Tyrod",AFC,QB,0.9900000000000001,0.0,9.52,2024,0
11760,"Garoppolo, Jimmy",NFC,QB,0.9900000000000001,0.0,13.55,2024,0
12141,"Mariota, Marcus",NFC,QB,0.9900000000000001,0.0,9.52,2024,0
13115,"Trubisky, Mitchell",AFC,QB,0.9900000000000001,0.0,9.52,2024,0
13119,"Dobbs, Joshua",NFC,QB,0.9900000000000001,0.0,9.52,2024,0
13119,"Dobbs, Joshua",AFC,QB,0.9900000000000001,0.0,9.52,2024,0
13595,"Rudolph, Mason",AFC,QB,0.9900000000000001,0.0,13.55,2024,0
13968,"Mullens, Nick",AFC,QB,0.9900000000000001,0.0,9.52,2024,0
14057,"Lock, Drew",AFC,QB,0.9900000000000001,0.0,9.52,2024,0
14063,"Stidham, Jarrett",NFC,QB,0.9900000000000001,0.0,9.52,2024,0
14067,"Minshew, Gardner",AFC,QB,0.9900000000000001,0.0,9.52,2024,0
14358,"Browning, Jake",AFC,QB,0.9900000000000001,0.0,9.52,2024,0
14789,"Huntley, Tyler",NFC,QB,0.9900000000000001,0.0,9.52,2024,0
15252,"Mills, Davis",NFC,QB,0.9900000000000001,0.0,9.52,2024,0
15696,"Zappe, Bailey",NFC,QB,0.9900000000000001,0.0,9.52,2024,0
16154,"Hall, Jaren",NFC,QB,0.9900000000000001,0.0,9.52,2024,0
16384,"Bagent, Tyson",NFC,QB,0.9900000000000001,0.0,9.52,2024,0
16441,"DeVito, Tommy",AFC,QB,0.9900000000000001,0.0,9.52,2024,0
16153,"Bennett, Stetson",NFC,QB,0.9680000000000001,3.0,1.7,2024,0
16153,"Bennett, Stetson",AFC,QB,0.9680000000000001,3.0,1.7,2024,0
16158,"Thompson-Robinson, Dorian",NFC,QB,0.9460000000000001,3.0,9.52,2024,0
16157,"Cunningham, Malik",NFC,QB,0.8910000000000001,2.0,9.52,2024,0
16158,"Thompson-Robinson, Dorian",AFC,QB,0.8910000000000001,2.0,9.52,2024,0
16159,"O'Connell, Aidan",NFC,QB,0.8910000000000001,2.0,9.52,2024,0
13404,"Ekeler, Austin",AFC,RB,34.21,0.0,34.21,2024,0
13130,"McCaffrey, Christian",AFC,RB,33.44,1.0,37.43,2024,0
13130,"McCaffrey, Christian",NFC,RB,31.119000000000003,0.0,37.43,2024,0
12626,"Henry, Derrick",NFC,RB,29.315,0.0,30.22,2024,0
13319,"Jones, Aaron",AFC,RB,29.315,0.0,29.32,2024,0
14073,"Jacobs, Josh",NFC,RB,29.315,0.0,37.43,2024,0
14073,"Jacobs, Josh",AFC,RB,27.610000000000003,0.0,37.43,2024,0
13319,"Jones, Aaron",NFC,RB,23.683000000000003,1.0,23.68,2024,0
13404,"Ekeler, Austin",NFC,RB,22.330000000000002,0.0,29.32,2024,0
14071,"Montgomery, David",NFC,RB,17.248,0.0,17.25,2024,0
12626,"Henry, Derrick",AFC,RB,16.5,1.0,30.22,2024,0
13610,"Chubb, Nick",NFC,RB,14.96,1.0,30.22,2024,0
14079,"Sanders, Miles",NFC,RB,14.366000000000001,1.0,14.37,2024,0
13604,"Barkley, Saquon",AFC,RB,13.772,1.0,15.73,2024,0
13132,"Kamara, Alvin",NFC,RB,13.706000000000001,1.0,13.71,2024,0
13610,"Chubb, Nick",AFC,RB,13.409,0.0,30.22,2024,0
13604,"Barkley, Saquon",NFC,RB,13.057,2.0,15.73,2024,0
13146,"Conner, James",NFC,RB,12.782,0.0,25.65,2024,0
13131,"Mixon, Joe",AFC,RB,11.242,1.0,12.92,2024,0
14802,"Taylor, Jonathan",NFC,RB,10.604000000000001,0.0,10.6,2024,0
15708,"Hall, Breece",NFC,RB,10.604000000000001,2.0,19.79,2024,0
15708,"Hall, Breece",AFC,RB,10.604000000000001,2.0,19.79,2024,0
16161,"Robinson, Bijan",AFC,RB,9.042000000000002,3.0,9.04,2024,0
14071,"Montgomery, David",AFC,RB,8.47,0.0,15.73,2024,0
13146,"Conner, James",AFC,RB,8.25,0.0,25.65,2024,0
13132,"Kamara, Alvin",AFC,RB,7.722,2.0,10.6,2024,0
15711,"Walker III, Kenneth",NFC,RB,7.6450000000000005,2.0,7.64,2024,0
15711,"Walker III, Kenneth",AFC,RB,7.6450000000000005,2.0,7.64,2024,0
16161,"Robinson, Bijan",NFC,RB,7.623,3.0,7.62,2024,0
14803,"Edwards-Helaire, Clyde",NFC,RB,6.7540000000000004,0.0,6.75,2024,0
13138,"Hunt, Kareem",NFC,RB,6.743,0.0,6.74,2024,0
14085,"Pollard, Tony",NFC,RB,6.732000000000001,1.0,19.79,2024,0
16162,"Gibbs, Jahmyr",NFC,RB,6.545000000000001,3.0,13.56,2024,0
13726,"Edmonds, Chase",AFC,RB,6.391,0.0,6.39,2024,0
14085,"Pollard, Tony",AFC,RB,6.050000000000001,0.0,19.79,2024,0
16162,"Gibbs, Jahmyr",AFC,RB,5.698,3.0,13.56,2024,0
16178,"Mitchell, Keaton",NFC,RB,5.61,0.0,7.19,2024,0
15254,"Harris, Najee",NFC,RB,5.555000000000001,1.0,5.56,2024,0
15254,"Harris, Najee",AFC,RB,5.555000000000001,1.0,5.56,2024,0
14802,"Taylor, Jonathan",AFC,RB,5.291,0.0,6.47,2024,0
12447,"Mostert, Raheem",AFC,RB,5.2250000000000005,1.0,33.83,2024,0
15742,"Warren, Jaylen",NFC,RB,5.192,2.0,5.21,2024,0
15253,"Etienne, Travis",NFC,RB,4.95,1.0,30.22,2024,0
13139,"Williams, Jamaal",NFC,RB,4.73,2.0,6.74,2024,0
14800,"Dobbins, J.K.",AFC,RB,4.301,0.0,7.19,2024,0
14075,"Harris, Damien",NFC,RB,4.059,2.0,13.56,2024,0
14813,"Robinson, James",AFC,RB,3.8720000000000003,1.0,3.87,2024,0
15256,"Williams, Javonte",AFC,RB,3.74,1.0,10.6,2024,0
14223,"Mattison, Alexander",AFC,RB,3.652,2.0,3.65,2024,0
14799,"Akers, Cam",NFC,RB,3.619,0.0,3.62,2024,0
15749,"Pacheco, Isiah",AFC,RB,3.619,2.0,8.76,2024,0
14080,"Singletary, Devin",NFC,RB,3.4760000000000004,0.0,4.84,2024,0
13139,"Williams, Jamaal",AFC,RB,3.399,0.0,6.74,2024,0
15742,"Warren, Jaylen",AFC,RB,3.399,3.0,5.21,2024,0
14797,"Swift, D'Andre",NFC,RB,3.3440000000000003,0.0,5.42,2024,0
15256,"Williams, Javonte",NFC,RB,3.212,1.0,10.6,2024,0
13131,"Mixon, Joe",NFC,RB,3.102,1.0,12.92,2024,0
14797,"Swift, D'Andre",AFC,RB,3.102,0.0,5.42,2024,0
15253,"Etienne, Travis",AFC,RB,3.003,1.0,30.22,2024,0
14017,"Wilson, Jeffery",NFC,RB,2.9700000000000006,0.0,3.4,2024,0
11761,"McKinnon, Jerick",AFC,RB,2.75,0.0,3.55,2024,0
14075,"Harris, Damien",AFC,RB,2.75,0.0,13.56,2024,0
13850,"Edwards, Gus",AFC,RB,2.3980000000000006,0.0,7.64,2024,0
14223,"Mattison, Alexander",NFC,RB,2.3100000000000005,0.0,3.4,2024,0
15715,"Cook, James",NFC,RB,2.2880000000000003,2.0,29.32,2024,0
14810,"Vaughn, Ke'Shawn",AFC,RB,2.244,0.0,3.4,2024,0
14800,"Dobbins, J.K.",NFC,RB,2.2,0.0,7.19,2024,0
15715,"Cook, James",AFC,RB,2.189,2.0,29.32,2024,0
16169,"Charbonnet, Zach",AFC,RB,2.189,3.0,3.4,2024,0
16169,"Charbonnet, Zach",NFC,RB,2.101,3.0,3.4,2024,0
16390,"McLaughlin, Jaleel",AFC,RB,2.09,0.0,3.4,2024,0
16167,"Achane, De'Von",NFC,RB,2.0130000000000003,3.0,33.83,2024,0
15717,"Pierce, Dameon",NFC,RB,1.9580000000000002,2.0,3.4,2024,0
16171,"Miller, Kendre",NFC,RB,1.9360000000000002,3.0,3.4,2024,0
15709,"Spiller, Isaiah",AFC,RB,1.903,2.0,3.4,2024,0
14805,"Dillon, AJ",NFC,RB,1.859,0.0,5.21,2024,0
15258,"Carter, Michael",NFC,RB,1.859,1.0,3.4,2024,0
15721,"White, Rachaad",AFC,RB,1.837,2.0,15.73,2024,0
12447,"Mostert, Raheem",NFC,RB,1.7820000000000003,1.0,33.83,2024,0
13850,"Edwards, Gus",NFC,RB,1.7820000000000003,1.0,7.64,2024,0
16171,"Miller, Kendre",AFC,RB,1.7380000000000002,3.0,3.4,2024,0
13606,"Jones, Ronald",NFC,RB,1.6940000000000002,0.0,4.84,2024,0
13133,"Perine, Samaje",AFC,RB,1.6500000000000001,0.0,3.4,2024,0
13134,"Foreman, D'Onta",NFC,RB,1.6500000000000001,2.0,3.4,2024,0
14017,"Wilson, Jeffery",AFC,RB,1.6500000000000001,0.0,3.4,2024,0
14080,"Singletary, Devin",AFC,RB,1.6500000000000001,1.0,4.84,2024,0
14086,"Hill, Justice",AFC,RB,1.6500000000000001,0.0,3.4,2024,0
15972,"Mason, Jordan",AFC,RB,1.6500000000000001,0.0,3.4,2024,0
14852,"Gibson, Antonio",AFC,RB,1.617,0.0,3.4,2024,0
14852,"Gibson, Antonio",NFC,RB,1.595,0.0,3.4,2024,0
13617,"Freeman, Royce",AFC,RB,1.54,0.0,3.4,2024,0
14798,"Moss, Zack",NFC,RB,1.54,0.0,5.42,2024,0
14805,"Dillon, AJ",AFC,RB,1.4960000000000002,0.0,5.21,2024,0
16167,"Achane, De'Von",AFC,RB,1.4520000000000002,3.0,33.83,2024,0
14798,"Moss, Zack",AFC,RB,1.4410000000000003,0.0,5.42,2024,0
16175,"Johnson, Roschon",NFC,RB,1.4190000000000003,3.0,3.4,2024,0
15717,"Pierce, Dameon",AFC,RB,1.364,1.0,3.4,2024,0
15712,"Allgeier, Tyler",NFC,RB,1.309,2.0,7.99,2024,0
15714,"White, Zamir",NFC,RB,1.287,2.0,3.4,2024,0
15714,"White, Zamir",AFC,RB,1.287,2.0,3.4,2024,0
16181,"Brown, Chase",AFC,RB,1.265,2.0,3.4,2024,0
15259,"Stevenson, Rhamondre",AFC,RB,1.254,1.0,8.76,2024,0
16164,"Bigsby, Tank",NFC,RB,1.2429999999999999,2.0,3.4,2024,0
15721,"White, Rachaad",NFC,RB,1.2320000000000002,1.0,15.73,2024,0
16165,"Spears, Tyjae",NFC,RB,1.2210000000000003,3.0,3.4,2024,0
15712,"Allgeier, Tyler",AFC,RB,1.2100000000000002,2.0,7.99,2024,0
16165,"Spears, Tyjae",AFC,RB,1.2100000000000002,3.0,3.4,2024,0
15716,"Robinson, Brian",NFC,RB,1.1880000000000002,1.0,6.74,2024,0
15261,"Hubbard, Chuba",NFC,RB,1.1440000000000001,1.0,3.55,2024,0
15255,"Gainwell, Kenneth",NFC,RB,1.1330000000000002,1.0,3.4,2024,0
16164,"Bigsby, Tank",AFC,RB,1.1330000000000002,3.0,3.4,2024,0
16175,"Johnson, Roschon",AFC,RB,1.122,3.0,3.4,2024,0
15255,"Gainwell, Kenneth",AFC,RB,1.1110000000000002,1.0,3.4,2024,0
15259,"Stevenson, Rhamondre",NFC,RB,1.1110000000000002,1.0,8.76,2024,0
16181,"Brown, Chase",NFC,RB,1.1,3.0,3.4,2024,0
11761,"McKinnon, Jerick",NFC,RB,1.089,0.0,3.55,2024,0
13134,"Foreman, D'Onta",AFC,RB,1.089,0.0,3.4,2024,0
15261,"Hubbard, Chuba",AFC,RB,1.078,1.0,3.55,2024,0
15713,"Ford, Jerome",NFC,RB,1.078,2.0,5.87,2024,0
16168,"Abanikanda, Israel",AFC,RB,1.078,3.0,3.4,2024,0
15263,"Mitchell, Elijah",NFC,RB,1.067,0.0,15.73,2024,0
15713,"Ford, Jerome",AFC,RB,1.067,2.0,5.87,2024,0
15271,"Herbert, Khalil",AFC,RB,1.056,0.0,5.21,2024,0
15263,"Mitchell, Elijah",AFC,RB,1.045,0.0,15.73,2024,0
15271,"Herbert, Khalil",NFC,RB,1.045,1.0,5.21,2024,0
15749,"Pacheco, Isiah",NFC,RB,1.045,1.0,8.76,2024,0
16168,"Abanikanda, Israel",NFC,RB,1.045,3.0,3.4,2024,0
15716,"Robinson, Brian",AFC,RB,1.034,2.0,6.74,2024,0
16180,"Hull, Evan",AFC,RB,1.0230000000000001,3.0,3.4,2024,0
15710,"Williams, Kyren",AFC,RB,1.0010000000000001,2.0,30.22,2024,0
16176,"Vaughn, Deuce",AFC,RB,1.0010000000000001,3.0,3.4,2024,0
11390,"Murray, Latavius",AFC,RB,0.9900000000000001,0.0,3.4,2024,0
12625,"Elliott, Ezekiel",NFC,RB,0.9900000000000001,0.0,5.87,2024,0
12625,"Elliott, Ezekiel",AFC,RB,0.9900000000000001,0.0,5.87,2024,0
13128,"Cook, Dalvin",NFC,RB,0.9900000000000001,0.0,12.92,2024,0
13133,"Perine, Samaje",NFC,RB,0.9900000000000001,0.0,3.4,2024,0
13378,"Breida, Matt",AFC,RB,0.9900000000000001,0.0,3.4,2024,0
13622,"Hines, Nyheim",NFC,RB,0.9900000000000001,0.0,4.18,2024,0
14079,"Sanders, Miles",AFC,RB,0.9900000000000001,0.0,14.07,2024,0
14086,"Hill, Justice",NFC,RB,0.9900000000000001,1.0,3.4,2024,0
14331,"Johnson, D'Ernest",NFC,RB,0.9900000000000001,0.0,3.4,2024,0
14799,"Akers, Cam",AFC,RB,0.9900000000000001,0.0,3.4,2024,0
14803,"Edwards-Helaire, Clyde",AFC,RB,0.9900000000000001,0.0,3.4,2024,0
14823,"Dowdle, Rico",NFC,RB,0.9900000000000001,0.0,3.4,2024,0
14823,"Dowdle, Rico",AFC,RB,0.9900000000000001,0.0,3.4,2024,0
15709,"Spiller, Isaiah",NFC,RB,0.9900000000000001,0.0,3.4,2024,0
15723,"Chandler, Ty",NFC,RB,0.9900000000000001,0.0,3.4,2024,0
15723,"Chandler, Ty",AFC,RB,0.9900000000000001,0.0,3.4,2024,0
15972,"Mason, Jordan",NFC,RB,0.9900000000000001,0.0,3.4,2024,0
16163,"Evans, Zach",NFC,RB,0.9900000000000001,3.0,3.4,2024,0
16166,"Tucker, Sean",NFC,RB,0.9900000000000001,0.0,3.4,2024,0
16174,"Rodriguez, Chris",NFC,RB,0.9900000000000001,0.0,3.4,2024,0
16176,"Vaughn, Deuce",NFC,RB,0.9900000000000001,3.0,3.4,2024,0
16385,"Demercado, Emari",NFC,RB,0.9900000000000001,0.0,3.4,2024,0
16385,"Demercado, Emari",AFC,RB,0.9900000000000001,0.0,3.4,2024,0
16390,"McLaughlin, Jaleel",NFC,RB,0.9900000000000001,0.0,3.4,2024,0
16432,"Wilson, Emanuel",NFC,RB,0.9900000000000001,0.0,3.4,2024,0
16163,"Evans, Zach",AFC,RB,0.9570000000000001,2.0,3.4,2024,0
16180,"Hull, Evan",NFC,RB,0.9570000000000001,3.0,3.4,2024,0
16166,"Tucker, Sean",AFC,RB,0.9460000000000001,3.0,3.4,2024,0
15710,"Williams, Kyren",NFC,RB,0.935,1.0,30.22,2024,0
15734,"Ingram, Keaontay",NFC,RB,0.935,0.0,3.4,2024,0
16174,"Rodriguez, Chris",AFC,RB,0.8910000000000001,2.0,3.4,2024,0
16178,"Mitchell, Keaton",AFC,RB,0.8910000000000001,2.0,7.19,2024,0
14910,"Jones, Brandon",NFC,S,15.950000000000001,0.0,15.95,2024,0
13251,"Baker, Budda",AFC,S,10.780000000000001,0.0,10.78,2024,0
10783,"Smith, Harrison",AFC,S,8.8,0.0,8.8,2024,0
14224,"Gardner-Johnson, Chauncey",AFC,S,8.547,0.0,8.55,2024,0
13714,"James, Derwin",NFC,S,8.371,1.0,8.37,2024,0
11317,"Poyer, Jordan",NFC,S,8.118,0.0,8.12,2024,0
13288,"Jenkins, Rayshawn",AFC,S,7.8100000000000005,0.0,13.37,2024,0
12767,"Simmons, Justin",AFC,S,7.381,0.0,13.37,2024,0
13251,"Baker, Budda",NFC,S,7.26,1.0,7.26,2024,0
13713,"Fitzpatrick, Minkah",AFC,S,7.26,0.0,8.67,2024,0
13713,"Fitzpatrick, Minkah",NFC,S,7.084000000000001,0.0,8.67,2024,0
14907,"Delpit, Grant",AFC,S,6.721000000000001,1.0,6.72,2024,0
14995,"Metellus, Josh",NFC,S,6.534000000000001,2.0,7.6,2024,0
13760,"Whitehead, Jordan",AFC,S,6.237,3.0,6.24,2024,0
11317,"Poyer, Jordan",AFC,S,6.050000000000001,0.0,6.05,2024,0
13760,"Whitehead, Jordan",NFC,S,6.050000000000001,1.0,6.05,2024,0
13714,"James, Derwin",AFC,S,5.885,2.0,5.88,2024,0
13737,"Bates, Jessie",AFC,S,5.566,2.0,13.37,2024,0
12752,"Byard, Kevin",AFC,S,5.06,1.0,5.06,2024,0
14908,"McKinney, Xavier",AFC,S,4.862,3.0,4.86,2024,0
15437,"Forrest, Darrick",AFC,S,4.829,1.0,4.83,2024,0
14179,"Love, Julian",AFC,S,4.73,0.0,7.26,2024,0
14921,"Dugger, Kyle",NFC,S,4.73,3.0,8.24,2024,0
14921,"Dugger, Kyle",AFC,S,4.73,0.0,8.24,2024,0
13252,"Maye, Marcus",AFC,S,4.664000000000001,0.0,4.66,2024,0
12767,"Simmons, Justin",NFC,S,4.521000000000001,0.0,13.37,2024,0
14991,"Fuller, Jordan",AFC,S,4.477,0.0,4.59,2024,0
15437,"Forrest, Darrick",NFC,S,4.4,2.0,4.78,2024,0
12752,"Byard, Kevin",NFC,S,3.9930000000000003,0.0,4.59,2024,0
13737,"Bates, Jessie",NFC,S,3.9930000000000003,1.0,13.37,2024,0
13230,"Adams, Jamal",AFC,S,3.8500000000000005,1.0,3.85,2024,0
12718,"Bell, Vonn",AFC,S,3.6630000000000003,2.0,6.05,2024,0
13717,"Reid, Justin",NFC,S,3.63,1.0,3.63,2024,0
13717,"Reid, Justin",AFC,S,3.5090000000000003,1.0,3.51,2024,0
15364,"Cisco, Andre",AFC,S,3.3440000000000003,1.0,3.57,2024,0
15834,"Hamilton, Kyle",AFC,S,3.1350000000000002,2.0,8.67,2024,0
14186,"Rapp, Taylor",NFC,S,3.0690000000000004,2.0,3.07,2024,0
14518,"Thompson, Jalen",AFC,S,3.0690000000000004,1.0,4.73,2024,0
13230,"Adams, Jamal",NFC,S,3.0140000000000007,2.0,3.07,2024,0
14909,"Winfield, Antoine",NFC,S,3.0140000000000007,0.0,18.06,2024,0
14909,"Winfield, Antoine",AFC,S,3.0140000000000007,0.0,18.06,2024,0
14927,"Chinn, Jeremy",NFC,S,3.0140000000000007,0.0,3.01,2024,0
14927,"Chinn, Jeremy",AFC,S,3.0140000000000007,0.0,3.01,2024,0
12720,"Kearse, Jayron",AFC,S,2.7170000000000005,1.0,3.76,2024,0
12308,"Amos, Adrian",AFC,S,2.662,0.0,2.66,2024,0
12718,"Bell, Vonn",NFC,S,2.618,1.0,6.05,2024,0
14179,"Love, Julian",NFC,S,2.618,1.0,7.26,2024,0
14414,"Owens, Jonathan",AFC,S,2.574,2.0,2.57,2024,0
11313,"Mathieu, Tyrann",AFC,S,2.508,1.0,2.51,2024,0
15834,"Hamilton, Kyle",NFC,S,2.508,2.0,8.67,2024,0
14518,"Thompson, Jalen",NFC,S,2.475,2.0,4.73,2024,0
13253,"Williams, Marcus",NFC,S,2.343,2.0,18.06,2024,0
13253,"Williams, Marcus",AFC,S,2.343,1.0,18.06,2024,0
14907,"Delpit, Grant",NFC,S,2.244,1.0,6.39,2024,0
15448,"Pinnock, Jason",NFC,S,1.7600000000000002,0.0,6.9,2024,0
14028,"Neal, Ryan",AFC,S,1.6940000000000002,0.0,1.73,2024,0
15365,"Moehrig, Trevon",NFC,S,1.6830000000000003,1.0,1.7,2024,0
15835,"Brisker, Jaquan",NFC,S,1.6610000000000003,2.0,3.24,2024,0
15001,"Curl, Kamren",AFC,S,1.6500000000000001,0.0,2.54,2024,0
15003,"Stone, Geno",NFC,S,1.6500000000000001,0.0,4.44,2024,0
15418,"Bynum, Camryn",AFC,S,1.6500000000000001,2.0,8.24,2024,0
15874,"Butler, Percy",NFC,S,1.6500000000000001,0.0,1.7,2024,0
16014,"Adams, Tony",AFC,S,1.6500000000000001,0.0,1.7,2024,0
15381,"Grant, Richie",NFC,S,1.639,1.0,4.96,2024,0
15835,"Brisker, Jaquan",AFC,S,1.551,2.0,3.24,2024,0
16244,"Branch, Brian",AFC,S,1.551,3.0,7.26,2024,0
11382,"Hyde, Micah",AFC,S,1.54,0.0,13.37,2024,0
12349,"Diggs, Quandre",AFC,S,1.54,0.0,1.7,2024,0
13252,"Maye, Marcus",NFC,S,1.54,0.0,3.99,2024,0
13716,"Edmunds, Terrell",AFC,S,1.54,0.0,1.7,2024,0
14182,"Hooker, Amani",AFC,S,1.54,0.0,5.73,2024,0
14910,"Jones, Brandon",AFC,S,1.54,0.0,1.7,2024,0
15001,"Curl, Kamren",NFC,S,1.54,0.0,2.54,2024,0
16263,"Martin, Jartavius",NFC,S,1.518,3.0,1.7,2024,0
15381,"Grant, Richie",AFC,S,1.4520000000000002,1.0,4.96,2024,0
15365,"Moehrig, Trevon",AFC,S,1.4190000000000003,1.0,1.7,2024,0
15366,"Holland, Jevon",AFC,S,1.364,1.0,8.24,2024,0
15366,"Holland, Jevon",NFC,S,1.287,1.0,8.24,2024,0
15836,"Hill, Daxton",AFC,S,1.276,2.0,6.39,2024,0
15850,"Pitre, Jalen",NFC,S,1.276,2.0,18.06,2024,0
16263,"Martin, Jartavius",AFC,S,1.276,3.0,1.7,2024,0
14908,"McKinney, Xavier",NFC,S,1.254,0.0,3.99,2024,0
16271,"Brown, Sydney",AFC,S,1.2210000000000003,3.0,1.7,2024,0
16271,"Brown, Sydney",NFC,S,1.1990000000000003,3.0,1.7,2024,0
15364,"Cisco, Andre",NFC,S,1.1880000000000002,0.0,3.57,2024,0
15850,"Pitre, Jalen",AFC,S,1.1880000000000002,2.0,18.06,2024,0
16245,"Battle, Jordan",AFC,S,1.1660000000000001,2.0,1.7,2024,0
15836,"Hill, Daxton",NFC,S,1.1440000000000001,2.0,6.39,2024,0
16245,"Battle, Jordan",NFC,S,1.1330000000000002,3.0,1.7,2024,0
12349,"Diggs, Quandre",NFC,S,1.1,0.0,1.7,2024,0
15448,"Pinnock, Jason",AFC,S,1.1,0.0,6.9,2024,0
11010,"Gipson, Tashaun",AFC,S,1.089,0.0,1.7,2024,0
13229,"Jackson, Eddie",NFC,S,1.089,0.0,6.05,2024,0
13288,"Jenkins, Rayshawn",NFC,S,1.089,0.0,13.37,2024,0
13806,"Elliott, DeShon",NFC,S,1.089,0.0,3.24,2024,0
13806,"Elliott, DeShon",AFC,S,1.089,0.0,3.24,2024,0
14182,"Hooker, Amani",NFC,S,1.089,0.0,5.73,2024,0
14224,"Gardner-Johnson, Chauncey",NFC,S,1.089,0.0,6.07,2024,0
14933,"Blackmon, Julian",NFC,S,1.089,0.0,5.73,2024,0
15418,"Bynum, Camryn",NFC,S,1.089,0.0,8.24,2024,0
16018,"Blankenship, Reed",AFC,S,1.089,0.0,6.39,2024,0
15860,"Cook, Bryan",NFC,S,1.067,2.0,1.7,2024,0
16244,"Branch, Brian",NFC,S,1.067,3.0,7.26,2024,0
16281,"Brown, Ji'Ayir",AFC,S,1.067,3.0,1.7,2024,0
15452,"Hufanga, Talanoa",AFC,S,1.045,1.0,8.67,2024,0
15871,"Joseph, Kerby",NFC,S,1.045,2.0,4.78,2024,0
15860,"Cook, Bryan",AFC,S,1.034,2.0,1.7,2024,0
9861,"Jackson, Kareem",AFC,S,0.9900000000000001,0.0,1.7,2024,0
11313,"Mathieu, Tyrann",NFC,S,0.9900000000000001,0.0,1.7,2024,0
11768,"Ward, Jimmie",NFC,S,0.9900000000000001,0.0,1.7,2024,0
11768,"Ward, Jimmie",AFC,S,0.9900000000000001,0.0,1.7,2024,0
12736,"Neal, Keanu",NFC,S,0.9900000000000001,1.0,3.99,2024,0
13231,"Peppers, Jabrill",NFC,S,0.9900000000000001,0.0,4.73,2024,0
13231,"Peppers, Jabrill",AFC,S,0.9900000000000001,0.0,2.6,2024,0
13257,"Evans, Justin",NFC,S,0.9900000000000001,0.0,1.7,2024,0
13301,"Kazee, Damontae",NFC,S,0.9900000000000001,1.0,1.7,2024,0
13301,"Kazee, Damontae",AFC,S,0.9900000000000001,1.0,1.7,2024,0
13339,"Ford, Rudy",AFC,S,0.9900000000000001,0.0,1.7,2024,0
14302,"Scott, Nick",AFC,S,0.9900000000000001,0.0,1.7,2024,0
14414,"Owens, Jonathan",NFC,S,0.9900000000000001,0.0,1.7,2024,0
14911,"Davis, Ashtyn",NFC,S,0.9900000000000001,0.0,2.29,2024,0
14911,"Davis, Ashtyn",AFC,S,0.9900000000000001,0.0,2.29,2024,0
14933,"Blackmon, Julian",AFC,S,0.9900000000000001,0.0,5.73,2024,0
14982,"Gilman, Alohi",NFC,S,0.9900000000000001,0.0,3.99,2024,0
14982,"Gilman, Alohi",AFC,S,0.9900000000000001,0.0,3.99,2024,0
14991,"Fuller, Jordan",NFC,S,0.9900000000000001,1.0,4.59,2024,0
14995,"Metellus, Josh",AFC,S,0.9900000000000001,0.0,7.6,2024,0
15003,"Stone, Geno",AFC,S,0.9900000000000001,0.0,4.44,2024,0
15094,"Locke, P.J.",NFC,S,0.9900000000000001,0.0,1.7,2024,0
15094,"Locke, P.J.",AFC,S,0.9900000000000001,0.0,1.7,2024,0
15363,"Melifonwu, Ifeatu",NFC,S,0.9900000000000001,0.0,1.7,2024,0
15363,"Melifonwu, Ifeatu",AFC,S,0.9900000000000001,0.0,1.7,2024,0
15874,"Butler, Percy",AFC,S,0.9900000000000001,0.0,1.7,2024,0
15923,"Lake, Quentin",NFC,S,0.9900000000000001,0.0,1.7,2024,0
15955,"Yeast, Russ",NFC,S,0.9900000000000001,1.0,1.7,2024,0
15985,"Bell, Markquese",NFC,S,0.9900000000000001,0.0,1.7,2024,0
16018,"Blankenship, Reed",NFC,S,0.9900000000000001,1.0,6.39,2024,0
16537,"Thompson, Trenton",AFC,S,0.9900000000000001,0.0,1.7,2024,0
15452,"Hufanga, Talanoa",NFC,S,0.9680000000000001,0.0,8.67,2024,0
16281,"Brown, Ji'Ayir",NFC,S,0.9570000000000001,3.0,1.7,2024,0
15871,"Joseph, Kerby",AFC,S,0.935,1.0,4.78,2024,0
16246,"Johnson, Antonio",NFC,S,0.8910000000000001,2.0,1.7,2024,0
16246,"Johnson, Antonio",AFC,S,0.8910000000000001,2.0,1.7,2024,0
16362,"Johnson, Anthony",NFC,S,0.8910000000000001,2.0,1.7,2024,0
11244,"Kelce, Travis",NFC,TE,38.33500000000001,0.0,49.96,2024,0
11244,"Kelce, Travis",AFC,TE,27.500000000000004,2.0,49.96,2024,0
13299,"Kittle, George",AFC,TE,16.5,2.0,49.96,2024,0
13671,"Andrews, Mark",AFC,TE,15.257,1.0,32.92,2024,0
13671,"Andrews, Mark",NFC,TE,14.740000000000002,1.0,32.92,2024,0
14138,"Hockenson, T.J.",NFC,TE,12.364,2.0,13.55,2024,0
13299,"Kittle, George",NFC,TE,10.857,0.0,49.96,2024,0
14138,"Hockenson, T.J.",AFC,TE,10.604000000000001,0.0,13.55,2024,0
13674,"Goedert, Dallas",AFC,TE,10.087000000000002,1.0,15.88,2024,0
12263,"Waller, Darren",NFC,TE,8.91,0.0,9.5,2024,0
14143,"Knox, Dawson",AFC,TE,8.8,0.0,8.8,2024,0
12263,"Waller, Darren",AFC,TE,7.8100000000000005,0.0,9.5,2024,0
13189,"Engram, Evan",NFC,TE,6.655,0.0,9.5,2024,0
13192,"Njoku, David",AFC,TE,6.6000000000000005,1.0,9.5,2024,0
13772,"Schultz, Dalton",NFC,TE,6.534000000000001,1.0,6.53,2024,0
15329,"Pitts, Kyle",NFC,TE,6.281000000000001,1.0,6.28,2024,0
15329,"Pitts, Kyle",AFC,TE,6.281000000000001,1.0,6.28,2024,0
12678,"Higbee, Tyler",NFC,TE,5.940000000000001,2.0,5.94,2024,0
13672,"Gesicki, Mike",NFC,TE,5.753000000000001,1.0,5.75,2024,0
13192,"Njoku, David",NFC,TE,5.643000000000001,1.0,9.5,2024,0
11647,"Thomas, Logan",NFC,TE,4.829,0.0,4.83,2024,0
13772,"Schultz, Dalton",AFC,TE,4.829,0.0,4.83,2024,0
13424,"Hill, Taysom",NFC,TE,4.73,0.0,32.92,2024,0
13424,"Hill, Taysom",AFC,TE,4.73,0.0,32.92,2024,0
14861,"Johnson, Juwan",AFC,TE,4.73,1.0,6.11,2024,0
15889,"Okonkwo, Chigoziem",NFC,TE,4.103000000000001,5.0,4.1,2024,0
13674,"Goedert, Dallas",NFC,TE,4.081,1.0,15.88,2024,0
16213,"Kincaid, Dalton",NFC,TE,4.059,3.0,4.06,2024,0
14137,"Fant, Noah",AFC,TE,3.5200000000000005,0.0,3.52,2024,0
13236,"Everett, Gerald",AFC,TE,3.487,0.0,4.07,2024,0
16213,"Kincaid, Dalton",AFC,TE,3.3880000000000003,3.0,3.5,2024,0
12676,"Henry, Hunter",AFC,TE,3.3000000000000003,0.0,3.5,2024,0
15873,"Bellinger, Daniel",AFC,TE,2.8930000000000002,0.0,3.5,2024,0
12678,"Higbee, Tyler",AFC,TE,2.783,0.0,4.42,2024,0
13236,"Everett, Gerald",NFC,TE,2.662,0.0,4.07,2024,0
16214,"LaPorta, Sam",NFC,TE,2.563,3.0,32.92,2024,0
16212,"Mayer, Michael",NFC,TE,2.299,3.0,3.5,2024,0
16214,"LaPorta, Sam",AFC,TE,2.0130000000000003,3.0,32.92,2024,0
16212,"Mayer, Michael",AFC,TE,1.9360000000000002,3.0,3.5,2024,0
14137,"Fant, Noah",NFC,TE,1.881,1.0,3.5,2024,0
13189,"Engram, Evan",AFC,TE,1.7270000000000003,0.0,9.5,2024,0
15331,"Freiermuth, Pat",AFC,TE,1.6830000000000003,1.0,6.63,2024,0
12676,"Henry, Hunter",NFC,TE,1.6500000000000001,0.0,3.5,2024,0
13675,"Conklin, Tyler",NFC,TE,1.6500000000000001,0.0,4.07,2024,0
14141,"Smith Jr., Irv",NFC,TE,1.6500000000000001,1.0,3.5,2024,0
15330,"Jordan, Brevin",AFC,TE,1.6500000000000001,0.0,3.5,2024,0
15337,"Gray, Noah",NFC,TE,1.6500000000000001,0.0,3.5,2024,0
16215,"Musgrave, Luke",NFC,TE,1.551,3.0,3.5,2024,0
11647,"Thomas, Logan",AFC,TE,1.54,0.0,3.5,2024,0
12677,"Hooper, Austin",NFC,TE,1.54,0.0,3.5,2024,0
14143,"Knox, Dawson",NFC,TE,1.54,0.0,6.41,2024,0
16219,"Allen, Davis",NFC,TE,1.54,0.0,3.5,2024,0
16215,"Musgrave, Luke",AFC,TE,1.4850000000000003,3.0,3.5,2024,0
15331,"Freiermuth, Pat",NFC,TE,1.4410000000000003,1.0,6.63,2024,0
16221,"Schoonmaker, Luke",NFC,TE,1.3970000000000002,3.0,3.5,2024,0
15794,"McBride, Trey",NFC,TE,1.364,2.0,6.63,2024,0
15794,"McBride, Trey",AFC,TE,1.342,2.0,6.63,2024,0
15840,"Woods, Jelani",NFC,TE,1.2429999999999999,2.0,3.5,2024,0
14867,"Kmet, Cole",NFC,TE,1.1880000000000002,0.0,10.73,2024,0
14867,"Kmet, Cole",AFC,TE,1.1880000000000002,0.0,10.73,2024,0
14870,"Trautman, Adam",NFC,TE,1.1770000000000003,0.0,3.5,2024,0
15797,"Dulcich, Greg",NFC,TE,1.1660000000000001,1.0,4.42,2024,0
15797,"Dulcich, Greg",AFC,TE,1.122,2.0,4.42,2024,0
16216,"Washington, Darnell",NFC,TE,1.1110000000000002,2.0,3.5,2024,0
16221,"Schoonmaker, Luke",AFC,TE,1.1110000000000002,3.0,3.5,2024,0
13675,"Conklin, Tyler",AFC,TE,1.089,0.0,4.07,2024,0
14341,"Parham, Donald",AFC,TE,1.089,0.0,3.5,2024,0
15802,"Otton, Cade",NFC,TE,1.089,0.0,3.5,2024,0
16216,"Washington, Darnell",AFC,TE,1.056,3.0,3.5,2024,0
16222,"Kraft, Tucker",NFC,TE,1.056,3.0,3.5,2024,0
15840,"Woods, Jelani",AFC,TE,1.0120000000000002,2.0,3.5,2024,0
16222,"Kraft, Tucker",AFC,TE,1.0010000000000001,3.0,3.5,2024,0
12677,"Hooper, Austin",AFC,TE,0.9900000000000001,0.0,3.5,2024,0
13193,"Smith, Jonnu",NFC,TE,0.9900000000000001,1.0,3.5,2024,0
13193,"Smith, Jonnu",AFC,TE,0.9900000000000001,0.0,3.5,2024,0
14146,"Sample, Drew",NFC,TE,0.9900000000000001,0.0,3.5,2024,0
14370,"Hudson, Tanner",AFC,TE,0.9900000000000001,0.0,3.5,2024,0
14861,"Johnson, Juwan",NFC,TE,0.9900000000000001,0.0,6.11,2024,0
15330,"Jordan, Brevin",NFC,TE,0.9900000000000001,0.0,3.5,2024,0
15332,"Tremble, Tommy",NFC,TE,0.9900000000000001,0.0,3.5,2024,0
15337,"Gray, Noah",AFC,TE,0.9900000000000001,0.0,3.5,2024,0
15419,"Granson, Kylen",NFC,TE,0.9900000000000001,0.0,3.5,2024,0
15626,"Wright, Brock",NFC,TE,0.9900000000000001,0.0,3.5,2024,0
15796,"Ruckert, Jeremy",AFC,TE,0.9900000000000001,2.0,3.5,2024,0
15799,"Ferguson, Jake",NFC,TE,0.9900000000000001,1.0,6.11,2024,0
15799,"Ferguson, Jake",AFC,TE,0.9900000000000001,1.0,6.11,2024,0
15800,"Heyward, Connor",NFC,TE,0.9900000000000001,0.0,3.5,2024,0
15873,"Bellinger, Daniel",NFC,TE,0.9900000000000001,0.0,3.5,2024,0
15889,"Okonkwo, Chigoziem",AFC,TE,0.9900000000000001,0.0,3.5,2024,0
16220,"Mallory, Will",NFC,TE,0.9900000000000001,0.0,3.5,2024,0
16333,"Higgins, Elijah",NFC,TE,0.9900000000000001,0.0,3.5,2024,0
16269,"Strange, Brenton",NFC,TE,0.9790000000000001,2.0,3.5,2024,0
15419,"Granson, Kylen",AFC,TE,0.9680000000000001,0.0,3.5,2024,0
16269,"Strange, Brenton",AFC,TE,0.9680000000000001,3.0,3.5,2024,0
15798,"Likely, Isaiah",NFC,TE,0.935,1.0,3.5,2024,0
15798,"Likely, Isaiah",AFC,TE,0.935,1.0,3.5,2024,0
15802,"Otton, Cade",AFC,TE,0.935,1.0,3.5,2024,0
16217,"Latu, Cameron",AFC,TE,0.8910000000000001,2.0,1.7,2024,0
16218,"Durham, Payne",NFC,TE,0.8910000000000001,2.0,3.5,2024,0
16333,"Higgins, Elijah",AFC,TE,0.8910000000000001,2.0,3.5,2024,0
12801,"Hill, Tyreek",AFC,WR,47.718,0.0,56.19,2024,0
12801,"Hill, Tyreek",NFC,WR,44.61600000000001,0.0,56.19,2024,0
13164,"Kupp, Cooper",NFC,WR,41.150999999999996,0.0,41.15,2024,0
11675,"Adams, Davante",AFC,WR,31.130000000000003,0.0,31.13,2024,0
12186,"Diggs, Stefon",NFC,WR,30.250000000000004,0.0,36.14,2024,0
12186,"Diggs, Stefon",AFC,WR,30.250000000000004,0.0,36.14,2024,0
13635,"Moore, D.J.",NFC,WR,29.766000000000002,1.0,30.25,2024,0
14136,"Samuel, Deebo",NFC,WR,26.939,3.0,26.94,2024,0
14104,"Brown, A.J.",NFC,WR,26.642,0.0,30.25,2024,0
13629,"Ridley, Calvin",NFC,WR,24.805000000000003,2.0,30.25,2024,0
11675,"Adams, Davante",NFC,WR,24.750000000000004,2.0,25.72,2024,0
13163,"Godwin, Chris",NFC,WR,24.200000000000003,2.0,24.2,2024,0
11222,"Allen, Keenan",NFC,WR,22.77,0.0,28.35,2024,0
14109,"McLaurin, Terry",AFC,WR,22.451,2.0,22.45,2024,0
13154,"Williams, Mike",AFC,WR,22.0,1.0,22.0,2024,0
13163,"Godwin, Chris",AFC,WR,20.57,2.0,20.57,2024,0
14832,"Lamb, CeeDee",AFC,WR,20.372,4.0,46.17,2024,0
13633,"Kirk, Christian",AFC,WR,20.031000000000002,1.0,20.03,2024,0
13635,"Moore, D.J.",AFC,WR,19.602,0.0,30.25,2024,0
14104,"Brown, A.J.",AFC,WR,19.107000000000003,3.0,30.25,2024,0
14840,"Aiyuk, Brandon",NFC,WR,18.700000000000003,5.0,25.72,2024,0
14835,"Higgins, Tee",AFC,WR,17.622,2.0,18.16,2024,0
11671,"Evans, Mike",NFC,WR,17.490000000000002,0.0,22.61,2024,0
14840,"Aiyuk, Brandon",AFC,WR,17.193,2.0,25.72,2024,0
13630,"Sutton, Courtland",NFC,WR,17.006000000000004,1.0,17.01,2024,0
12175,"Cooper, Amari",AFC,WR,16.577,1.0,17.34,2024,0
14835,"Higgins, Tee",NFC,WR,15.774000000000001,4.0,18.16,2024,0
13633,"Kirk, Christian",NFC,WR,15.675,1.0,15.72,2024,0
11671,"Evans, Mike",AFC,WR,14.850000000000001,2.0,22.61,2024,0
11938,"Thielen, Adam",NFC,WR,14.641000000000002,0.0,14.64,2024,0
12175,"Cooper, Amari",NFC,WR,14.344,4.0,17.34,2024,0
13154,"Williams, Mike",NFC,WR,13.893000000000002,1.0,18.16,2024,0
11232,"Hopkins, DeAndre",AFC,WR,13.640000000000002,0.0,13.64,2024,0
12187,"Lockett, Tyler",NFC,WR,13.354000000000001,1.0,16.79,2024,0
11222,"Allen, Keenan",AFC,WR,13.332,1.0,28.35,2024,0
13630,"Sutton, Courtland",AFC,WR,13.31,0.0,13.31,2024,0
14136,"Samuel, Deebo",AFC,WR,13.200000000000001,2.0,18.16,2024,0
11674,"Cooks, Brandin",AFC,WR,12.507,0.0,12.51,2024,0
11232,"Hopkins, DeAndre",NFC,WR,12.100000000000001,0.0,12.85,2024,0
12187,"Lockett, Tyler",AFC,WR,11.979000000000001,0.0,16.79,2024,0
11679,"Beckham, Odell",AFC,WR,11.616000000000001,0.0,11.62,2024,0
14102,"Metcalf, DK",AFC,WR,11.561,3.0,15.72,2024,0
13646,"Gallup, Michael",NFC,WR,11.495000000000001,1.0,11.5,2024,0
14105,"Brown, Marquise",AFC,WR,11.110000000000001,0.0,11.11,2024,0
14102,"Metcalf, DK",NFC,WR,11.011000000000001,3.0,15.72,2024,0
13629,"Ridley, Calvin",AFC,WR,11.0,3.0,30.25,2024,0
14105,"Brown, Marquise",NFC,WR,10.89,2.0,10.89,2024,0
13164,"Kupp, Cooper",AFC,WR,10.648,0.0,36.14,2024,0
11674,"Cooks, Brandin",NFC,WR,10.56,1.0,10.56,2024,0
14109,"McLaurin, Terry",NFC,WR,10.505,1.0,21.28,2024,0
14208,"Johnson, Diontae",NFC,WR,10.032,1.0,10.03,2024,0
14208,"Johnson, Diontae",AFC,WR,10.032,1.0,10.03,2024,0
11680,"Landry, Jarvis",AFC,WR,9.449,0.0,9.45,2024,0
15751,"London, Drake",AFC,WR,8.932,2.0,8.93,2024,0
15753,"Wilson, Garrett",NFC,WR,8.932,2.0,12.04,2024,0
12652,"Thomas, Michael",NFC,WR,8.8,0.0,8.8,2024,0
12650,"Boyd, Tyler",NFC,WR,8.789000000000001,0.0,11.3,2024,0
14833,"Jeudy, Jerry",AFC,WR,7.744000000000001,0.0,11.01,2024,0
14127,"Meyers, Jakobi",NFC,WR,7.315000000000001,1.0,9.19,2024,0
15281,"Chase, Ja'Marr",NFC,WR,7.205,1.0,20.2,2024,0
15281,"Chase, Ja'Marr",AFC,WR,7.205,1.0,20.2,2024,0
14974,"Mooney, Darnell",NFC,WR,7.15,0.0,7.15,2024,0
13176,"Jones, Zay",NFC,WR,6.930000000000001,2.0,9.19,2024,0
14842,"Pittman, Michael",NFC,WR,6.930000000000001,4.0,12.04,2024,0
15751,"London, Drake",NFC,WR,6.655,2.0,7.18,2024,0
15752,"Burks, Treylon",AFC,WR,6.655,2.0,6.66,2024,0
11679,"Beckham, Odell",NFC,WR,6.6000000000000005,0.0,6.6,2024,0
13632,"Lazard, Allen",AFC,WR,5.962000000000001,1.0,6.28,2024,0
14833,"Jeudy, Jerry",NFC,WR,5.9510000000000005,0.0,11.01,2024,0
15756,"Williams, Jameson",AFC,WR,5.863,2.0,5.86,2024,0
14127,"Meyers, Jakobi",AFC,WR,5.808000000000001,0.0,9.19,2024,0
13157,"Samuel, Curtis",NFC,WR,5.5,0.0,7.26,2024,0
14832,"Lamb, CeeDee",NFC,WR,5.291,0.0,46.17,2024,0
13668,"Chark, D.J.",NFC,WR,5.2250000000000005,0.0,5.26,2024,0
15754,"Olave, Chris",AFC,WR,5.2250000000000005,2.0,14.12,2024,0
15756,"Williams, Jameson",NFC,WR,5.2250000000000005,2.0,5.22,2024,0
13646,"Gallup, Michael",AFC,WR,5.104,1.0,5.1,2024,0
14112,"Campbell, Parris",NFC,WR,5.049,2.0,5.05,2024,0
16185,"Smith-Njigba, Jaxon",AFC,WR,5.038,3.0,5.04,2024,0
15319,"Palmer, Josh",AFC,WR,4.9719999999999995,2.0,5.22,2024,0
15034,"Callaway, Marquez",AFC,WR,4.840000000000001,0.0,5.26,2024,0
13176,"Jones, Zay",AFC,WR,4.73,1.0,9.19,2024,0
14845,"Davis, Gabriel",AFC,WR,4.73,2.0,10.03,2024,0
14974,"Mooney, Darnell",AFC,WR,4.73,1.0,4.73,2024,0
15752,"Burks, Treylon",NFC,WR,4.708000000000001,2.0,4.71,2024,0
15753,"Wilson, Garrett",AFC,WR,4.708000000000001,2.0,12.04,2024,0
16185,"Smith-Njigba, Jaxon",NFC,WR,4.4990000000000006,3.0,4.5,2024,0
16186,"Addison, Jordan",AFC,WR,4.4990000000000006,3.0,11.59,2024,0
15282,"Smith, DeVonta",AFC,WR,4.477,1.0,20.2,2024,0
13793,"Valdes-Scantling, Marquez",AFC,WR,4.4,0.0,4.4,2024,0
14836,"Jefferson, Justin",NFC,WR,4.301,0.0,56.19,2024,0
11938,"Thielen, Adam",AFC,WR,4.29,1.0,7.26,2024,0
15754,"Olave, Chris",NFC,WR,4.279000000000001,2.0,14.12,2024,0
15789,"Watson, Christian",AFC,WR,4.279000000000001,2.0,8.87,2024,0
16188,"Johnston, Quentin",AFC,WR,4.059,3.0,4.06,2024,0
13793,"Valdes-Scantling, Marquez",NFC,WR,3.9930000000000003,0.0,4.3,2024,0
15766,"Moore, Skyy",NFC,WR,3.9160000000000004,2.0,3.92,2024,0
15284,"Waddle, Jaylen",NFC,WR,3.74,1.0,28.35,2024,0
12181,"Agholor, Nelson",AFC,WR,3.7290000000000005,0.0,3.73,2024,0
16186,"Addison, Jordan",NFC,WR,3.696,3.0,11.59,2024,0
13668,"Chark, D.J.",AFC,WR,3.6630000000000003,1.0,5.26,2024,0
15789,"Watson, Christian",NFC,WR,3.619,2.0,8.87,2024,0
14112,"Campbell, Parris",AFC,WR,3.4540000000000006,1.0,4.28,2024,0
15282,"Smith, DeVonta",NFC,WR,3.4540000000000006,1.0,20.2,2024,0
15284,"Waddle, Jaylen",AFC,WR,3.4540000000000006,1.0,28.35,2024,0
16188,"Johnston, Quentin",NFC,WR,3.3880000000000003,3.0,3.64,2024,0
15766,"Moore, Skyy",AFC,WR,3.355,2.0,3.64,2024,0
14836,"Jefferson, Justin",AFC,WR,3.3440000000000003,0.0,56.19,2024,0
14845,"Davis, Gabriel",NFC,WR,3.2890000000000006,4.0,10.03,2024,0
15901,"Philips, Kyle",NFC,WR,3.19,0.0,3.64,2024,0
14857,"Peoples-Jones, Donovan",AFC,WR,3.1790000000000003,0.0,5.0,2024,0
15755,"Dotson, Jahan",NFC,WR,3.1350000000000002,2.0,4.44,2024,0
16190,"Flowers, Zay",NFC,WR,3.1350000000000002,3.0,11.3,2024,0
14842,"Pittman, Michael",AFC,WR,3.0140000000000007,0.0,12.04,2024,0
14857,"Peoples-Jones, Donovan",NFC,WR,3.0140000000000007,0.0,5.0,2024,0
16080,"Shaheed, Rashid",AFC,WR,3.0140000000000007,0.0,5.91,2024,0
15762,"Pickens, George",NFC,WR,2.9370000000000003,2.0,14.12,2024,0
16190,"Flowers, Zay",AFC,WR,2.915,3.0,11.3,2024,0
14977,"Osborn, K.J.",NFC,WR,2.9040000000000004,1.0,3.64,2024,0
15288,"Moore, Elijah",NFC,WR,2.8160000000000003,1.0,3.64,2024,0
15293,"Bateman, Rashod",AFC,WR,2.662,1.0,3.64,2024,0
13172,"Brown, Noah",AFC,WR,2.64,0.0,6.28,2024,0
15288,"Moore, Elijah",AFC,WR,2.53,1.0,3.64,2024,0
12652,"Thomas, Michael",AFC,WR,2.4200000000000004,1.0,3.64,2024,0
15283,"Moore, Rondale",NFC,WR,2.4090000000000003,1.0,3.64,2024,0
15762,"Pickens, George",AFC,WR,2.387,2.0,14.12,2024,0
15768,"Pierce, Alec",NFC,WR,2.387,2.0,3.64,2024,0
13172,"Brown, Noah",NFC,WR,2.3100000000000005,0.0,6.28,2024,0
15289,"Toney, Kadarius",AFC,WR,2.299,1.0,3.64,2024,0
15293,"Bateman, Rashod",NFC,WR,2.299,1.0,3.64,2024,0
16197,"Mingo, Jonathan",NFC,WR,2.189,3.0,3.64,2024,0
16080,"Shaheed, Rashid",NFC,WR,2.178,2.0,5.91,2024,0
15283,"Moore, Rondale",AFC,WR,2.134,1.0,3.64,2024,0
15290,"Collins, Nico",NFC,WR,2.134,1.0,24.48,2024,0
16197,"Mingo, Jonathan",AFC,WR,2.101,3.0,3.64,2024,0
15308,"Marshall, Terrace",NFC,WR,2.0460000000000003,1.0,3.64,2024,0
15308,"Marshall, Terrace",AFC,WR,2.0460000000000003,1.0,3.64,2024,0
15755,"Dotson, Jahan",AFC,WR,2.035,2.0,4.44,2024,0
15289,"Toney, Kadarius",NFC,WR,1.9800000000000002,1.0,3.64,2024,0
16194,"Rice, Rashee",NFC,WR,1.859,3.0,13.5,2024,0
14838,"Shenault, Laviska",NFC,WR,1.804,0.0,3.64,2024,0
13157,"Samuel, Curtis",AFC,WR,1.7600000000000002,0.0,7.26,2024,0
15768,"Pierce, Alec",AFC,WR,1.7380000000000002,2.0,3.64,2024,0
14841,"Claypool, Chase",AFC,WR,1.7160000000000002,0.0,3.64,2024,0
16184,"Reed, Jayden",AFC,WR,1.6940000000000002,3.0,11.3,2024,0
11228,"Woods, Robert",AFC,WR,1.6500000000000001,0.0,3.64,2024,0
12176,"Parker, DeVante",AFC,WR,1.6500000000000001,1.0,3.64,2024,0
14122,"Slayton, Darius",NFC,WR,1.6500000000000001,1.0,5.65,2024,0
14123,"Renfrow, Hunter",AFC,WR,1.6500000000000001,0.0,3.64,2024,0
15301,"Atwell, Tutu",AFC,WR,1.6500000000000001,0.0,3.64,2024,0
15977,"Thompkins, Deven",NFC,WR,1.6500000000000001,0.0,3.64,2024,0
16192,"Washington, Parker",AFC,WR,1.6500000000000001,0.0,3.64,2024,0
16187,"Downs, Josh",NFC,WR,1.639,3.0,4.5,2024,0
16194,"Rice, Rashee",AFC,WR,1.639,3.0,13.5,2024,0
13289,"Hollins, Mack",NFC,WR,1.54,0.0,4.73,2024,0
13418,"Bourne, Kendrick",NFC,WR,1.54,0.0,4.28,2024,0
14860,"Jennings, Jauan",NFC,WR,1.54,0.0,3.64,2024,0
15109,"Westbrook-Ikhine, Nick",NFC,WR,1.54,0.0,3.64,2024,0
16393,"Bobo, Jake",NFC,WR,1.54,0.0,3.64,2024,0
15759,"Metchie, John",NFC,WR,1.518,2.0,3.64,2024,0
15758,"Bell, David",NFC,WR,1.4850000000000003,2.0,3.64,2024,0
16189,"Mims, Marvin",NFC,WR,1.4850000000000003,3.0,3.64,2024,0
15287,"St. Brown, Amon-Ra",AFC,WR,1.4740000000000002,1.0,36.14,2024,0
15788,"Tolbert, Jalen",NFC,WR,1.4520000000000002,2.0,3.64,2024,0
16184,"Reed, Jayden",NFC,WR,1.4520000000000002,3.0,11.3,2024,0
15758,"Bell, David",AFC,WR,1.4080000000000001,2.0,3.64,2024,0
16183,"Hyatt, Jalin",NFC,WR,1.364,3.0,3.64,2024,0
16183,"Hyatt, Jalin",AFC,WR,1.364,3.0,3.64,2024,0
15301,"Atwell, Tutu",NFC,WR,1.353,0.0,3.64,2024,0
14847,"Duvernay, Devin",NFC,WR,1.331,0.0,5.26,2024,0
14858,"Jefferson, Van",AFC,WR,1.331,0.0,3.64,2024,0
15319,"Palmer, Josh",NFC,WR,1.331,1.0,5.22,2024,0
15287,"St. Brown, Amon-Ra",NFC,WR,1.32,1.0,36.14,2024,0
15290,"Collins, Nico",AFC,WR,1.32,1.0,24.48,2024,0
15759,"Metchie, John",AFC,WR,1.32,2.0,3.64,2024,0
15292,"Brown, Dyami",NFC,WR,1.298,1.0,3.64,2024,0
16187,"Downs, Josh",AFC,WR,1.298,3.0,4.5,2024,0
15757,"Robinson, Wan'Dale",AFC,WR,1.254,2.0,3.64,2024,0
16204,"Dell, Tank",AFC,WR,1.2429999999999999,3.0,16.79,2024,0
13418,"Bourne, Kendrick",AFC,WR,1.2100000000000002,0.0,4.28,2024,0
16191,"Tillman, Cedric",NFC,WR,1.2100000000000002,3.0,3.64,2024,0
16342,"Douglas, Demario",AFC,WR,1.2100000000000002,0.0,3.64,2024,0
15787,"Thornton, Tyquan",NFC,WR,1.1990000000000003,1.0,3.64,2024,0
15757,"Robinson, Wan'Dale",NFC,WR,1.1770000000000003,2.0,3.64,2024,0
16211,"Nacua, Puka",NFC,WR,1.1770000000000003,3.0,28.35,2024,0
16189,"Mims, Marvin",AFC,WR,1.1440000000000001,3.0,3.64,2024,0
15761,"Shakir, Khalil",NFC,WR,1.122,2.0,4.44,2024,0
16204,"Dell, Tank",NFC,WR,1.122,3.0,16.79,2024,0
16195,"Wicks, Dontayvion",NFC,WR,1.1,0.0,3.64,2024,0
13066,"Raymond, Kalif",NFC,WR,1.089,0.0,3.83,2024,0
13168,"Reynolds, Josh",AFC,WR,1.089,0.0,4.03,2024,0
14122,"Slayton, Darius",AFC,WR,1.089,0.0,5.65,2024,0
14977,"Osborn, K.J.",AFC,WR,1.089,0.0,3.64,2024,0
15761,"Shakir, Khalil",AFC,WR,1.045,2.0,4.44,2024,0
15777,"Austin III, Calvin",NFC,WR,1.045,1.0,3.64,2024,0
15779,"Doubs, Romeo",NFC,WR,1.045,1.0,4.78,2024,0
15779,"Doubs, Romeo",AFC,WR,1.045,2.0,4.78,2024,0
15787,"Thornton, Tyquan",AFC,WR,1.045,2.0,3.64,2024,0
16191,"Tillman, Cedric",AFC,WR,1.034,3.0,3.64,2024,0
16205,"Scott, Tyler",NFC,WR,1.0230000000000001,3.0,3.64,2024,0
16203,"Jones, Charlie",NFC,WR,1.0120000000000002,2.0,3.64,2024,0
16206,"Wilson, Michael",NFC,WR,1.0010000000000001,2.0,3.64,2024,0
11688,"Bryant, Martavis",AFC,WR,0.9900000000000001,0.0,1.7,2024,0
12176,"Parker, DeVante",NFC,WR,0.9900000000000001,0.0,3.64,2024,0
12650,"Boyd, Tyler",AFC,WR,0.9900000000000001,0.0,11.3,2024,0
12773,"Moore, Chris",NFC,WR,0.9900000000000001,0.0,3.64,2024,0
12785,"Robinson, Demarcus",NFC,WR,0.9900000000000001,0.0,3.64,2024,0
12785,"Robinson, Demarcus",AFC,WR,0.9900000000000001,0.0,3.64,2024,0
13066,"Raymond, Kalif",AFC,WR,0.9900000000000001,0.0,3.83,2024,0
13156,"Smith-Schuster, JuJu",NFC,WR,0.9900000000000001,0.0,10.53,2024,0
13156,"Smith-Schuster, JuJu",AFC,WR,0.9900000000000001,0.0,10.53,2024,0
13776,"Watson, Justin",NFC,WR,0.9900000000000001,0.0,3.64,2024,0
14108,"Dortch, Greg",NFC,WR,0.9900000000000001,0.0,3.64,2024,0
14113,"Hardman, Mecole",AFC,WR,0.9900000000000001,0.0,10.77,2024,0
14337,"Guyton, Jalen",NFC,WR,0.9900000000000001,0.0,3.64,2024,0
14841,"Claypool, Chase",NFC,WR,0.9900000000000001,0.0,3.64,2024,0
14843,"Bowden, Lynn",NFC,WR,0.9900000000000001,-2.0,3.64,2024,0
15777,"Austin III, Calvin",AFC,WR,0.9900000000000001,0.0,3.64,2024,0
15780,"Ezukanma, Erik",NFC,WR,0.9900000000000001,0.0,3.64,2024,0
15788,"Tolbert, Jalen",AFC,WR,0.9900000000000001,0.0,3.64,2024,0
16193,"Boutte, Kayshon",NFC,WR,0.9900000000000001,0.0,3.64,2024,0
16195,"Wicks, Dontayvion",AFC,WR,0.9900000000000001,0.0,3.64,2024,0
16196,"Perry, A.T.",AFC,WR,0.9900000000000001,0.0,3.64,2024,0
16201,"Hutchinson, Xavier",NFC,WR,0.9900000000000001,0.0,3.64,2024,0
16203,"Jones, Charlie",AFC,WR,0.9900000000000001,3.0,3.64,2024,0
16287,"Tucker, Tre",NFC,WR,0.9900000000000001,0.0,3.64,2024,0
16393,"Bobo, Jake",AFC,WR,0.9900000000000001,0.0,3.64,2024,0
16196,"Perry, A.T.",NFC,WR,0.9790000000000001,3.0,3.64,2024,0
16211,"Nacua, Puka",AFC,WR,0.9790000000000001,3.0,28.35,2024,0
16210,"Shorter, Justin",NFC,WR,0.9680000000000001,3.0,1.7,2024,0
16207,"Iosivas, Andrei",AFC,WR,0.9570000000000001,3.0,3.64,2024,0
16193,"Boutte, Kayshon",AFC,WR,0.9460000000000001,3.0,3.64,2024,0
16206,"Wilson, Michael",AFC,WR,0.9460000000000001,3.0,3.64,2024,0
16192,"Washington, Parker",NFC,WR,0.8910000000000001,2.0,3.64,2024,0
16198,"Jarrett, Rakim",NFC,WR,0.8910000000000001,2.0,3.64,2024,0
16199,"Palmer, Trey",NFC,WR,0.8910000000000001,2.0,3.64,2024,0
16199,"Palmer, Trey",AFC,WR,0.8910000000000001,2.0,3.64,2024,0
16201,"Hutchinson, Xavier",AFC,WR,0.8910000000000001,2.0,3.64,2024,0
16207,"Iosivas, Andrei",NFC,WR,0.8910000000000001,2.0,3.64,2024,0
16299,"Davis, Derius",AFC,WR,0.8910000000000001,2.0,3.64,2024,0
16342,"Douglas, Demario",NFC,WR,0.8910000000000001,2.0,3.64,2024,0
